S_No,Location,City,Zone_Type,CPCB_Day_Std_dB,CPCB_Night_Std_dB,Year,Month,Month_Name,Noise_Day_dB,Noise_Night_dB,Excess_Day_dB,Excess_Night_dB,Zone_Category
1,Santacruz (W),Mumbai,Commercial,65,55,2020,1,Jan,74.15,65.77,9.15,10.77,High
1,Santacruz (W),Mumbai,Commercial,65,55,2020,2,Feb,73.99,65.9,8.99,10.9,High
1,Santacruz (W),Mumbai,Commercial,65,55,2020,3,Mar,73.93,65.65,8.93,10.65,High
1,Santacruz (W),Mumbai,Commercial,65,55,2020,4,Apr,74.77,66.05,9.77,11.05,High
1,Santacruz (W),Mumbai,Commercial,65,55,2020,5,May,74.36,66.21,9.36,11.21,High
1,Santacruz (W),Mumbai,Commercial,65,55,2020,6,Jun,72.86,64.91,7.86,9.91,High
1,Santacruz (W),Mumbai,Commercial,65,55,2020,7,Jul,72.77,64.42,7.77,9.42,High
1,Santacruz (W),Mumbai,Commercial,65,55,2020,8,Aug,72.38,64.79,7.38,9.79,High
1,Santacruz (W),Mumbai,Commercial,65,55,2020,9,Sep,72.9,65.26,7.9,10.26,High
1,Santacruz (W),Mumbai,Commercial,65,55,2020,10,Oct,73.43,65.22,8.43,10.22,High
1,Santacruz (W),Mumbai,Commercial,65,55,2020,11,Nov,74.34,65.65,9.34,10.65,High
1,Santacruz (W),Mumbai,Commercial,65,55,2020,12,Dec,74.12,65.52,9.12,10.52,High
1,Santacruz (W),Mumbai,Commercial,65,55,2021,1,Jan,76.64,68.12,11.64,13.12,High
1,Santacruz (W),Mumbai,Commercial,65,55,2021,2,Feb,76.25,67.98,11.25,12.98,High
1,Santacruz (W),Mumbai,Commercial,65,55,2021,3,Mar,76.62,67.94,11.62,12.94,High
1,Santacruz (W),Mumbai,Commercial,65,55,2021,4,Apr,76.92,68.57,11.92,13.57,High
1,Santacruz (W),Mumbai,Commercial,65,55,2021,5,May,77.3,68.19,12.3,13.19,High
1,Santacruz (W),Mumbai,Commercial,65,55,2021,6,Jun,76.05,67.06,11.05,12.06,High
1,Santacruz (W),Mumbai,Commercial,65,55,2021,7,Jul,75.56,66.71,10.56,11.71,High
1,Santacruz (W),Mumbai,Commercial,65,55,2021,8,Aug,75.3,67.24,10.3,12.24,High
1,Santacruz (W),Mumbai,Commercial,65,55,2021,9,Sep,76.22,67.53,11.22,12.53,High
1,Santacruz (W),Mumbai,Commercial,65,55,2021,10,Oct,76.47,67.74,11.47,12.74,High
1,Santacruz (W),Mumbai,Commercial,65,55,2021,11,Nov,76.26,67.86,11.26,12.86,High
1,Santacruz (W),Mumbai,Commercial,65,55,2021,12,Dec,76.76,68.31,11.76,13.31,High
1,Santacruz (W),Mumbai,Commercial,65,55,2022,1,Jan,79.3,69.65,14.3,14.65,High
1,Santacruz (W),Mumbai,Commercial,65,55,2022,2,Feb,79.1,69.72,14.1,14.72,High
1,Santacruz (W),Mumbai,Commercial,65,55,2022,3,Mar,79.0,70.02,14.0,15.02,Critical
1,Santacruz (W),Mumbai,Commercial,65,55,2022,4,Apr,79.81,70.29,14.81,15.29,Critical
1,Santacruz (W),Mumbai,Commercial,65,55,2022,5,May,79.45,70.24,14.45,15.24,Critical
1,Santacruz (W),Mumbai,Commercial,65,55,2022,6,Jun,78.3,69.4,13.3,14.4,High
1,Santacruz (W),Mumbai,Commercial,65,55,2022,7,Jul,77.76,68.96,12.76,13.96,High
1,Santacruz (W),Mumbai,Commercial,65,55,2022,8,Aug,77.77,68.86,12.77,13.86,High
1,Santacruz (W),Mumbai,Commercial,65,55,2022,9,Sep,78.64,69.67,13.64,14.67,High
1,Santacruz (W),Mumbai,Commercial,65,55,2022,10,Oct,78.88,69.9,13.88,14.9,High
1,Santacruz (W),Mumbai,Commercial,65,55,2022,11,Nov,79.21,69.77,14.21,14.77,High
1,Santacruz (W),Mumbai,Commercial,65,55,2022,12,Dec,79.41,70.31,14.41,15.31,Critical
1,Santacruz (W),Mumbai,Commercial,65,55,2023,1,Jan,80.49,71.31,15.49,16.31,Critical
1,Santacruz (W),Mumbai,Commercial,65,55,2023,2,Feb,79.51,70.96,14.51,15.96,Critical
1,Santacruz (W),Mumbai,Commercial,65,55,2023,3,Mar,80.53,70.84,15.53,15.84,Critical
1,Santacruz (W),Mumbai,Commercial,65,55,2023,4,Apr,80.83,70.7,15.83,15.7,Critical
1,Santacruz (W),Mumbai,Commercial,65,55,2023,5,May,80.93,71.37,15.93,16.37,Critical
1,Santacruz (W),Mumbai,Commercial,65,55,2023,6,Jun,79.94,70.1,14.94,15.1,Critical
1,Santacruz (W),Mumbai,Commercial,65,55,2023,7,Jul,78.96,69.9,13.96,14.9,High
1,Santacruz (W),Mumbai,Commercial,65,55,2023,8,Aug,79.67,70.17,14.67,15.17,Critical
1,Santacruz (W),Mumbai,Commercial,65,55,2023,9,Sep,79.54,70.5,14.54,15.5,Critical
1,Santacruz (W),Mumbai,Commercial,65,55,2023,10,Oct,80.23,70.89,15.23,15.89,Critical
1,Santacruz (W),Mumbai,Commercial,65,55,2023,11,Nov,80.19,70.83,15.19,15.83,Critical
1,Santacruz (W),Mumbai,Commercial,65,55,2023,12,Dec,80.48,70.71,15.48,15.71,Critical
1,Santacruz (W),Mumbai,Commercial,65,55,2024,1,Jan,81.29,71.65,16.29,16.65,Critical
1,Santacruz (W),Mumbai,Commercial,65,55,2024,2,Feb,81.0,71.35,16.0,16.35,Critical
1,Santacruz (W),Mumbai,Commercial,65,55,2024,3,Mar,80.78,71.42,15.78,16.42,Critical
1,Santacruz (W),Mumbai,Commercial,65,55,2024,4,Apr,81.4,71.54,16.4,16.54,Critical
1,Santacruz (W),Mumbai,Commercial,65,55,2024,5,May,81.65,71.98,16.65,16.98,Critical
1,Santacruz (W),Mumbai,Commercial,65,55,2024,6,Jun,80.77,70.83,15.77,15.83,Critical
1,Santacruz (W),Mumbai,Commercial,65,55,2024,7,Jul,79.98,70.59,14.98,15.59,Critical
1,Santacruz (W),Mumbai,Commercial,65,55,2024,8,Aug,79.52,70.69,14.52,15.69,Critical
1,Santacruz (W),Mumbai,Commercial,65,55,2024,9,Sep,80.42,71.49,15.42,16.49,Critical
1,Santacruz (W),Mumbai,Commercial,65,55,2024,10,Oct,80.84,71.36,15.84,16.36,Critical
1,Santacruz (W),Mumbai,Commercial,65,55,2024,11,Nov,81.09,71.27,16.09,16.27,Critical
1,Santacruz (W),Mumbai,Commercial,65,55,2024,12,Dec,81.64,71.75,16.64,16.75,Critical
2,Vile Parle (W),Mumbai,Commercial,65,55,2020,1,Jan,75.54,66.92,10.54,11.92,High
2,Vile Parle (W),Mumbai,Commercial,65,55,2020,2,Feb,75.52,66.62,10.52,11.62,High
2,Vile Parle (W),Mumbai,Commercial,65,55,2020,3,Mar,75.48,67.44,10.48,12.44,High
2,Vile Parle (W),Mumbai,Commercial,65,55,2020,4,Apr,75.3,67.09,10.3,12.09,High
2,Vile Parle (W),Mumbai,Commercial,65,55,2020,5,May,75.83,67.3,10.83,12.3,High
2,Vile Parle (W),Mumbai,Commercial,65,55,2020,6,Jun,73.83,66.31,8.83,11.31,High
2,Vile Parle (W),Mumbai,Commercial,65,55,2020,7,Jul,73.68,66.19,8.68,11.19,High
2,Vile Parle (W),Mumbai,Commercial,65,55,2020,8,Aug,73.92,66.51,8.92,11.51,High
2,Vile Parle (W),Mumbai,Commercial,65,55,2020,9,Sep,74.27,66.44,9.27,11.44,High
2,Vile Parle (W),Mumbai,Commercial,65,55,2020,10,Oct,75.24,66.55,10.24,11.55,High
2,Vile Parle (W),Mumbai,Commercial,65,55,2020,11,Nov,75.27,67.26,10.27,12.26,High
2,Vile Parle (W),Mumbai,Commercial,65,55,2020,12,Dec,74.92,67.14,9.92,12.14,High
2,Vile Parle (W),Mumbai,Commercial,65,55,2021,1,Jan,78.18,69.56,13.18,14.56,High
2,Vile Parle (W),Mumbai,Commercial,65,55,2021,2,Feb,77.53,68.94,12.53,13.94,High
2,Vile Parle (W),Mumbai,Commercial,65,55,2021,3,Mar,78.26,69.36,13.26,14.36,High
2,Vile Parle (W),Mumbai,Commercial,65,55,2021,4,Apr,78.48,69.57,13.48,14.57,High
2,Vile Parle (W),Mumbai,Commercial,65,55,2021,5,May,78.4,69.75,13.4,14.75,High
2,Vile Parle (W),Mumbai,Commercial,65,55,2021,6,Jun,77.19,68.46,12.19,13.46,High
2,Vile Parle (W),Mumbai,Commercial,65,55,2021,7,Jul,77.36,68.49,12.36,13.49,High
2,Vile Parle (W),Mumbai,Commercial,65,55,2021,8,Aug,76.64,68.63,11.64,13.63,High
2,Vile Parle (W),Mumbai,Commercial,65,55,2021,9,Sep,77.01,68.96,12.01,13.96,High
2,Vile Parle (W),Mumbai,Commercial,65,55,2021,10,Oct,78.15,68.94,13.15,13.94,High
2,Vile Parle (W),Mumbai,Commercial,65,55,2021,11,Nov,78.29,69.38,13.29,14.38,High
2,Vile Parle (W),Mumbai,Commercial,65,55,2021,12,Dec,78.45,69.78,13.45,14.78,High
2,Vile Parle (W),Mumbai,Commercial,65,55,2022,1,Jan,80.43,71.15,15.43,16.15,Critical
2,Vile Parle (W),Mumbai,Commercial,65,55,2022,2,Feb,80.03,70.94,15.03,15.94,Critical
2,Vile Parle (W),Mumbai,Commercial,65,55,2022,3,Mar,80.48,71.27,15.48,16.27,Critical
2,Vile Parle (W),Mumbai,Commercial,65,55,2022,4,Apr,80.88,71.57,15.88,16.57,Critical
2,Vile Parle (W),Mumbai,Commercial,65,55,2022,5,May,81.0,71.89,16.0,16.89,Critical
2,Vile Parle (W),Mumbai,Commercial,65,55,2022,6,Jun,79.42,71.04,14.42,16.04,Critical
2,Vile Parle (W),Mumbai,Commercial,65,55,2022,7,Jul,79.39,70.13,14.39,15.13,Critical
2,Vile Parle (W),Mumbai,Commercial,65,55,2022,8,Aug,79.08,70.5,14.08,15.5,Critical
2,Vile Parle (W),Mumbai,Commercial,65,55,2022,9,Sep,79.63,70.84,14.63,15.84,Critical
2,Vile Parle (W),Mumbai,Commercial,65,55,2022,10,Oct,80.34,70.99,15.34,15.99,Critical
2,Vile Parle (W),Mumbai,Commercial,65,55,2022,11,Nov,80.15,70.9,15.15,15.9,Critical
2,Vile Parle (W),Mumbai,Commercial,65,55,2022,12,Dec,80.47,71.47,15.47,16.47,Critical
2,Vile Parle (W),Mumbai,Commercial,65,55,2023,1,Jan,81.86,72.05,16.86,17.05,Critical
2,Vile Parle (W),Mumbai,Commercial,65,55,2023,2,Feb,81.65,72.18,16.65,17.18,Critical
2,Vile Parle (W),Mumbai,Commercial,65,55,2023,3,Mar,81.53,72.23,16.53,17.23,Critical
2,Vile Parle (W),Mumbai,Commercial,65,55,2023,4,Apr,82.12,72.17,17.12,17.17,Critical
2,Vile Parle (W),Mumbai,Commercial,65,55,2023,5,May,82.41,72.71,17.41,17.71,Critical
2,Vile Parle (W),Mumbai,Commercial,65,55,2023,6,Jun,81.12,71.71,16.12,16.71,Critical
2,Vile Parle (W),Mumbai,Commercial,65,55,2023,7,Jul,80.09,71.11,15.09,16.11,Critical
2,Vile Parle (W),Mumbai,Commercial,65,55,2023,8,Aug,80.85,71.5,15.85,16.5,Critical
2,Vile Parle (W),Mumbai,Commercial,65,55,2023,9,Sep,81.15,72.47,16.15,17.47,Critical
2,Vile Parle (W),Mumbai,Commercial,65,55,2023,10,Oct,81.67,72.23,16.67,17.23,Critical
2,Vile Parle (W),Mumbai,Commercial,65,55,2023,11,Nov,81.99,72.33,16.99,17.33,Critical
2,Vile Parle (W),Mumbai,Commercial,65,55,2023,12,Dec,81.81,72.45,16.81,17.45,Critical
2,Vile Parle (W),Mumbai,Commercial,65,55,2024,1,Jan,82.27,72.85,17.27,17.85,Critical
2,Vile Parle (W),Mumbai,Commercial,65,55,2024,2,Feb,82.15,72.72,17.15,17.72,Critical
2,Vile Parle (W),Mumbai,Commercial,65,55,2024,3,Mar,83.19,72.43,18.19,17.43,Critical
2,Vile Parle (W),Mumbai,Commercial,65,55,2024,4,Apr,83.01,72.68,18.01,17.68,Critical
2,Vile Parle (W),Mumbai,Commercial,65,55,2024,5,May,82.86,73.42,17.86,18.42,Critical
2,Vile Parle (W),Mumbai,Commercial,65,55,2024,6,Jun,81.52,71.88,16.52,16.88,Critical
2,Vile Parle (W),Mumbai,Commercial,65,55,2024,7,Jul,80.99,72.04,15.99,17.04,Critical
2,Vile Parle (W),Mumbai,Commercial,65,55,2024,8,Aug,81.18,72.04,16.18,17.04,Critical
2,Vile Parle (W),Mumbai,Commercial,65,55,2024,9,Sep,81.71,72.17,16.71,17.17,Critical
2,Vile Parle (W),Mumbai,Commercial,65,55,2024,10,Oct,82.84,72.73,17.84,17.73,Critical
2,Vile Parle (W),Mumbai,Commercial,65,55,2024,11,Nov,81.79,72.84,16.79,17.84,Critical
2,Vile Parle (W),Mumbai,Commercial,65,55,2024,12,Dec,82.4,73.07,17.4,18.07,Critical
3,Andheri (W),Mumbai,Commercial,65,55,2020,1,Jan,74.96,66.58,9.96,11.58,High
3,Andheri (W),Mumbai,Commercial,65,55,2020,2,Feb,75.15,66.57,10.15,11.57,High
3,Andheri (W),Mumbai,Commercial,65,55,2020,3,Mar,74.84,66.43,9.84,11.43,High
3,Andheri (W),Mumbai,Commercial,65,55,2020,4,Apr,75.36,66.57,10.36,11.57,High
3,Andheri (W),Mumbai,Commercial,65,55,2020,5,May,76.23,66.98,11.23,11.98,High
3,Andheri (W),Mumbai,Commercial,65,55,2020,6,Jun,73.82,65.98,8.82,10.98,High
3,Andheri (W),Mumbai,Commercial,65,55,2020,7,Jul,74.54,65.81,9.54,10.81,High
3,Andheri (W),Mumbai,Commercial,65,55,2020,8,Aug,73.64,65.6,8.64,10.6,High
3,Andheri (W),Mumbai,Commercial,65,55,2020,9,Sep,74.78,65.86,9.78,10.86,High
3,Andheri (W),Mumbai,Commercial,65,55,2020,10,Oct,75.03,66.45,10.03,11.45,High
3,Andheri (W),Mumbai,Commercial,65,55,2020,11,Nov,74.82,66.49,9.82,11.49,High
3,Andheri (W),Mumbai,Commercial,65,55,2020,12,Dec,74.33,66.4,9.33,11.4,High
3,Andheri (W),Mumbai,Commercial,65,55,2021,1,Jan,77.92,68.65,12.92,13.65,High
3,Andheri (W),Mumbai,Commercial,65,55,2021,2,Feb,78.29,68.41,13.29,13.41,High
3,Andheri (W),Mumbai,Commercial,65,55,2021,3,Mar,77.87,68.83,12.87,13.83,High
3,Andheri (W),Mumbai,Commercial,65,55,2021,4,Apr,78.73,68.71,13.73,13.71,High
3,Andheri (W),Mumbai,Commercial,65,55,2021,5,May,78.85,69.2,13.85,14.2,High
3,Andheri (W),Mumbai,Commercial,65,55,2021,6,Jun,76.71,68.19,11.71,13.19,High
3,Andheri (W),Mumbai,Commercial,65,55,2021,7,Jul,76.76,67.78,11.76,12.78,High
3,Andheri (W),Mumbai,Commercial,65,55,2021,8,Aug,76.92,67.92,11.92,12.92,High
3,Andheri (W),Mumbai,Commercial,65,55,2021,9,Sep,77.23,68.43,12.23,13.43,High
3,Andheri (W),Mumbai,Commercial,65,55,2021,10,Oct,78.18,68.35,13.18,13.35,High
3,Andheri (W),Mumbai,Commercial,65,55,2021,11,Nov,78.54,68.41,13.54,13.41,High
3,Andheri (W),Mumbai,Commercial,65,55,2021,12,Dec,78.05,69.02,13.05,14.02,High
3,Andheri (W),Mumbai,Commercial,65,55,2022,1,Jan,80.48,70.68,15.48,15.68,Critical
3,Andheri (W),Mumbai,Commercial,65,55,2022,2,Feb,80.14,70.5,15.14,15.5,Critical
3,Andheri (W),Mumbai,Commercial,65,55,2022,3,Mar,80.22,70.87,15.22,15.87,Critical
3,Andheri (W),Mumbai,Commercial,65,55,2022,4,Apr,80.81,70.76,15.81,15.76,Critical
3,Andheri (W),Mumbai,Commercial,65,55,2022,5,May,81.17,71.16,16.17,16.16,Critical
3,Andheri (W),Mumbai,Commercial,65,55,2022,6,Jun,79.64,70.13,14.64,15.13,Critical
3,Andheri (W),Mumbai,Commercial,65,55,2022,7,Jul,78.85,69.69,13.85,14.69,High
3,Andheri (W),Mumbai,Commercial,65,55,2022,8,Aug,79.52,70.02,14.52,15.02,Critical
3,Andheri (W),Mumbai,Commercial,65,55,2022,9,Sep,79.59,70.22,14.59,15.22,Critical
3,Andheri (W),Mumbai,Commercial,65,55,2022,10,Oct,80.48,70.38,15.48,15.38,Critical
3,Andheri (W),Mumbai,Commercial,65,55,2022,11,Nov,80.46,70.66,15.46,15.66,Critical
3,Andheri (W),Mumbai,Commercial,65,55,2022,12,Dec,80.43,71.02,15.43,16.02,Critical
3,Andheri (W),Mumbai,Commercial,65,55,2023,1,Jan,81.95,71.96,16.95,16.96,Critical
3,Andheri (W),Mumbai,Commercial,65,55,2023,2,Feb,81.89,71.6,16.89,16.6,Critical
3,Andheri (W),Mumbai,Commercial,65,55,2023,3,Mar,81.9,71.64,16.9,16.64,Critical
3,Andheri (W),Mumbai,Commercial,65,55,2023,4,Apr,82.1,71.87,17.1,16.87,Critical
3,Andheri (W),Mumbai,Commercial,65,55,2023,5,May,82.23,72.22,17.23,17.22,Critical
3,Andheri (W),Mumbai,Commercial,65,55,2023,6,Jun,80.45,71.42,15.45,16.42,Critical
3,Andheri (W),Mumbai,Commercial,65,55,2023,7,Jul,80.1,70.56,15.1,15.56,Critical
3,Andheri (W),Mumbai,Commercial,65,55,2023,8,Aug,80.95,71.06,15.95,16.06,Critical
3,Andheri (W),Mumbai,Commercial,65,55,2023,9,Sep,81.09,71.33,16.09,16.33,Critical
3,Andheri (W),Mumbai,Commercial,65,55,2023,10,Oct,81.4,71.32,16.4,16.32,Critical
3,Andheri (W),Mumbai,Commercial,65,55,2023,11,Nov,81.62,71.56,16.62,16.56,Critical
3,Andheri (W),Mumbai,Commercial,65,55,2023,12,Dec,82.09,71.77,17.09,16.77,Critical
3,Andheri (W),Mumbai,Commercial,65,55,2024,1,Jan,82.15,72.34,17.15,17.34,Critical
3,Andheri (W),Mumbai,Commercial,65,55,2024,2,Feb,82.32,72.09,17.32,17.09,Critical
3,Andheri (W),Mumbai,Commercial,65,55,2024,3,Mar,82.15,72.35,17.15,17.35,Critical
3,Andheri (W),Mumbai,Commercial,65,55,2024,4,Apr,82.77,72.4,17.77,17.4,Critical
3,Andheri (W),Mumbai,Commercial,65,55,2024,5,May,82.76,72.75,17.76,17.75,Critical
3,Andheri (W),Mumbai,Commercial,65,55,2024,6,Jun,80.97,71.32,15.97,16.32,Critical
3,Andheri (W),Mumbai,Commercial,65,55,2024,7,Jul,80.88,71.36,15.88,16.36,Critical
3,Andheri (W),Mumbai,Commercial,65,55,2024,8,Aug,81.39,71.8,16.39,16.8,Critical
3,Andheri (W),Mumbai,Commercial,65,55,2024,9,Sep,81.86,71.77,16.86,16.77,Critical
3,Andheri (W),Mumbai,Commercial,65,55,2024,10,Oct,82.09,71.9,17.09,16.9,Critical
3,Andheri (W),Mumbai,Commercial,65,55,2024,11,Nov,82.29,72.24,17.29,17.24,Critical
3,Andheri (W),Mumbai,Commercial,65,55,2024,12,Dec,82.6,72.23,17.6,17.23,Critical
4,Bandra (W),Mumbai,Commercial,65,55,2020,1,Jan,73.66,65.71,8.66,10.71,High
4,Bandra (W),Mumbai,Commercial,65,55,2020,2,Feb,73.27,65.28,8.27,10.28,High
4,Bandra (W),Mumbai,Commercial,65,55,2020,3,Mar,73.71,65.22,8.71,10.22,High
4,Bandra (W),Mumbai,Commercial,65,55,2020,4,Apr,73.87,65.5,8.87,10.5,High
4,Bandra (W),Mumbai,Commercial,65,55,2020,5,May,74.03,65.55,9.03,10.55,High
4,Bandra (W),Mumbai,Commercial,65,55,2020,6,Jun,72.51,64.7,7.51,9.7,High
4,Bandra (W),Mumbai,Commercial,65,55,2020,7,Jul,72.64,64.59,7.64,9.59,High
4,Bandra (W),Mumbai,Commercial,65,55,2020,8,Aug,73.05,64.35,8.05,9.35,High
4,Bandra (W),Mumbai,Commercial,65,55,2020,9,Sep,72.96,64.84,7.96,9.84,High
4,Bandra (W),Mumbai,Commercial,65,55,2020,10,Oct,73.86,64.94,8.86,9.94,High
4,Bandra (W),Mumbai,Commercial,65,55,2020,11,Nov,73.15,65.18,8.15,10.18,High
4,Bandra (W),Mumbai,Commercial,65,55,2020,12,Dec,72.96,65.29,7.96,10.29,High
4,Bandra (W),Mumbai,Commercial,65,55,2021,1,Jan,76.07,67.73,11.07,12.73,High
4,Bandra (W),Mumbai,Commercial,65,55,2021,2,Feb,76.2,67.88,11.2,12.88,High
4,Bandra (W),Mumbai,Commercial,65,55,2021,3,Mar,76.59,67.48,11.59,12.48,High
4,Bandra (W),Mumbai,Commercial,65,55,2021,4,Apr,76.33,67.9,11.33,12.9,High
4,Bandra (W),Mumbai,Commercial,65,55,2021,5,May,76.4,68.37,11.4,13.37,High
4,Bandra (W),Mumbai,Commercial,65,55,2021,6,Jun,75.65,66.81,10.65,11.81,High
4,Bandra (W),Mumbai,Commercial,65,55,2021,7,Jul,74.49,66.97,9.49,11.97,High
4,Bandra (W),Mumbai,Commercial,65,55,2021,8,Aug,75.17,67.05,10.17,12.05,High
4,Bandra (W),Mumbai,Commercial,65,55,2021,9,Sep,75.02,66.98,10.02,11.98,High
4,Bandra (W),Mumbai,Commercial,65,55,2021,10,Oct,76.0,67.41,11.0,12.41,High
4,Bandra (W),Mumbai,Commercial,65,55,2021,11,Nov,76.06,67.72,11.06,12.72,High
4,Bandra (W),Mumbai,Commercial,65,55,2021,12,Dec,76.08,67.67,11.08,12.67,High
4,Bandra (W),Mumbai,Commercial,65,55,2022,1,Jan,78.74,69.7,13.74,14.7,High
4,Bandra (W),Mumbai,Commercial,65,55,2022,2,Feb,78.71,69.18,13.71,14.18,High
4,Bandra (W),Mumbai,Commercial,65,55,2022,3,Mar,78.24,69.76,13.24,14.76,High
4,Bandra (W),Mumbai,Commercial,65,55,2022,4,Apr,79.1,69.55,14.1,14.55,High
4,Bandra (W),Mumbai,Commercial,65,55,2022,5,May,79.67,69.92,14.67,14.92,High
4,Bandra (W),Mumbai,Commercial,65,55,2022,6,Jun,78.05,68.81,13.05,13.81,High
4,Bandra (W),Mumbai,Commercial,65,55,2022,7,Jul,78.02,68.95,13.02,13.95,High
4,Bandra (W),Mumbai,Commercial,65,55,2022,8,Aug,77.53,68.89,12.53,13.89,High
4,Bandra (W),Mumbai,Commercial,65,55,2022,9,Sep,78.09,69.27,13.09,14.27,High
4,Bandra (W),Mumbai,Commercial,65,55,2022,10,Oct,78.11,69.44,13.11,14.44,High
4,Bandra (W),Mumbai,Commercial,65,55,2022,11,Nov,78.92,69.15,13.92,14.15,High
4,Bandra (W),Mumbai,Commercial,65,55,2022,12,Dec,78.45,69.19,13.45,14.19,High
4,Bandra (W),Mumbai,Commercial,65,55,2023,1,Jan,79.92,70.74,14.92,15.74,Critical
4,Bandra (W),Mumbai,Commercial,65,55,2023,2,Feb,80.25,70.41,15.25,15.41,Critical
4,Bandra (W),Mumbai,Commercial,65,55,2023,3,Mar,80.49,70.22,15.49,15.22,Critical
4,Bandra (W),Mumbai,Commercial,65,55,2023,4,Apr,79.79,70.69,14.79,15.69,Critical
4,Bandra (W),Mumbai,Commercial,65,55,2023,5,May,80.62,70.89,15.62,15.89,Critical
4,Bandra (W),Mumbai,Commercial,65,55,2023,6,Jun,78.38,69.78,13.38,14.78,High
4,Bandra (W),Mumbai,Commercial,65,55,2023,7,Jul,78.31,69.73,13.31,14.73,High
4,Bandra (W),Mumbai,Commercial,65,55,2023,8,Aug,79.01,69.51,14.01,14.51,High
4,Bandra (W),Mumbai,Commercial,65,55,2023,9,Sep,79.05,69.79,14.05,14.79,High
4,Bandra (W),Mumbai,Commercial,65,55,2023,10,Oct,79.68,70.49,14.68,15.49,Critical
4,Bandra (W),Mumbai,Commercial,65,55,2023,11,Nov,79.6,70.6,14.6,15.6,Critical
4,Bandra (W),Mumbai,Commercial,65,55,2023,12,Dec,79.94,70.44,14.94,15.44,Critical
4,Bandra (W),Mumbai,Commercial,65,55,2024,1,Jan,80.67,70.99,15.67,15.99,Critical
4,Bandra (W),Mumbai,Commercial,65,55,2024,2,Feb,80.33,70.76,15.33,15.76,Critical
4,Bandra (W),Mumbai,Commercial,65,55,2024,3,Mar,81.29,71.11,16.29,16.11,Critical
4,Bandra (W),Mumbai,Commercial,65,55,2024,4,Apr,80.79,71.34,15.79,16.34,Critical
4,Bandra (W),Mumbai,Commercial,65,55,2024,5,May,81.17,71.46,16.17,16.46,Critical
4,Bandra (W),Mumbai,Commercial,65,55,2024,6,Jun,79.88,70.55,14.88,15.55,Critical
4,Bandra (W),Mumbai,Commercial,65,55,2024,7,Jul,79.24,70.08,14.24,15.08,Critical
4,Bandra (W),Mumbai,Commercial,65,55,2024,8,Aug,79.52,69.84,14.52,14.84,High
4,Bandra (W),Mumbai,Commercial,65,55,2024,9,Sep,79.45,70.87,14.45,15.87,Critical
4,Bandra (W),Mumbai,Commercial,65,55,2024,10,Oct,80.89,70.85,15.89,15.85,Critical
4,Bandra (W),Mumbai,Commercial,65,55,2024,11,Nov,80.77,71.16,15.77,16.16,Critical
4,Bandra (W),Mumbai,Commercial,65,55,2024,12,Dec,81.72,71.42,16.72,16.42,Critical
5,Lower Parel,Mumbai,Industrial,75,70,2020,1,Jan,73.46,68.71,-1.54,-1.29,Low
5,Lower Parel,Mumbai,Industrial,75,70,2020,2,Feb,72.82,68.74,-2.18,-1.26,Low
5,Lower Parel,Mumbai,Industrial,75,70,2020,3,Mar,73.27,68.52,-1.73,-1.48,Low
5,Lower Parel,Mumbai,Industrial,75,70,2020,4,Apr,73.61,68.78,-1.39,-1.22,Low
5,Lower Parel,Mumbai,Industrial,75,70,2020,5,May,74.51,69.38,-0.49,-0.62,Low
5,Lower Parel,Mumbai,Industrial,75,70,2020,6,Jun,72.5,68.4,-2.5,-1.6,Low
5,Lower Parel,Mumbai,Industrial,75,70,2020,7,Jul,72.22,67.73,-2.78,-2.27,Low
5,Lower Parel,Mumbai,Industrial,75,70,2020,8,Aug,72.86,68.11,-2.14,-1.89,Low
5,Lower Parel,Mumbai,Industrial,75,70,2020,9,Sep,72.39,68.26,-2.61,-1.74,Low
5,Lower Parel,Mumbai,Industrial,75,70,2020,10,Oct,72.94,68.32,-2.06,-1.68,Low
5,Lower Parel,Mumbai,Industrial,75,70,2020,11,Nov,73.68,69.18,-1.32,-0.82,Low
5,Lower Parel,Mumbai,Industrial,75,70,2020,12,Dec,73.18,69.01,-1.82,-0.99,Low
5,Lower Parel,Mumbai,Industrial,75,70,2021,1,Jan,75.5,70.6,0.5,0.6,Moderate
5,Lower Parel,Mumbai,Industrial,75,70,2021,2,Feb,75.32,70.33,0.32,0.33,Moderate
5,Lower Parel,Mumbai,Industrial,75,70,2021,3,Mar,75.71,70.43,0.71,0.43,Moderate
5,Lower Parel,Mumbai,Industrial,75,70,2021,4,Apr,76.08,70.79,1.08,0.79,Moderate
5,Lower Parel,Mumbai,Industrial,75,70,2021,5,May,76.13,70.82,1.13,0.82,Moderate
5,Lower Parel,Mumbai,Industrial,75,70,2021,6,Jun,74.53,70.05,-0.47,0.05,Moderate
5,Lower Parel,Mumbai,Industrial,75,70,2021,7,Jul,74.55,69.5,-0.45,-0.5,Low
5,Lower Parel,Mumbai,Industrial,75,70,2021,8,Aug,74.63,69.95,-0.37,-0.05,Low
5,Lower Parel,Mumbai,Industrial,75,70,2021,9,Sep,74.4,70.21,-0.6,0.21,Moderate
5,Lower Parel,Mumbai,Industrial,75,70,2021,10,Oct,75.2,70.51,0.2,0.51,Moderate
5,Lower Parel,Mumbai,Industrial,75,70,2021,11,Nov,75.37,70.24,0.37,0.24,Moderate
5,Lower Parel,Mumbai,Industrial,75,70,2021,12,Dec,75.31,70.71,0.31,0.71,Moderate
5,Lower Parel,Mumbai,Industrial,75,70,2022,1,Jan,77.98,72.22,2.98,2.22,Moderate
5,Lower Parel,Mumbai,Industrial,75,70,2022,2,Feb,77.89,71.87,2.89,1.87,Moderate
5,Lower Parel,Mumbai,Industrial,75,70,2022,3,Mar,77.88,72.06,2.88,2.06,Moderate
5,Lower Parel,Mumbai,Industrial,75,70,2022,4,Apr,78.0,72.51,3.0,2.51,Moderate
5,Lower Parel,Mumbai,Industrial,75,70,2022,5,May,78.14,72.62,3.14,2.62,Moderate
5,Lower Parel,Mumbai,Industrial,75,70,2022,6,Jun,77.2,71.48,2.2,1.48,Moderate
5,Lower Parel,Mumbai,Industrial,75,70,2022,7,Jul,76.85,71.17,1.85,1.17,Moderate
5,Lower Parel,Mumbai,Industrial,75,70,2022,8,Aug,76.96,71.79,1.96,1.79,Moderate
5,Lower Parel,Mumbai,Industrial,75,70,2022,9,Sep,76.36,71.64,1.36,1.64,Moderate
5,Lower Parel,Mumbai,Industrial,75,70,2022,10,Oct,77.77,72.06,2.77,2.06,Moderate
5,Lower Parel,Mumbai,Industrial,75,70,2022,11,Nov,77.91,72.18,2.91,2.18,Moderate
5,Lower Parel,Mumbai,Industrial,75,70,2022,12,Dec,78.03,72.37,3.03,2.37,Moderate
5,Lower Parel,Mumbai,Industrial,75,70,2023,1,Jan,79.25,73.25,4.25,3.25,Moderate
5,Lower Parel,Mumbai,Industrial,75,70,2023,2,Feb,78.8,72.92,3.8,2.92,Moderate
5,Lower Parel,Mumbai,Industrial,75,70,2023,3,Mar,78.75,73.01,3.75,3.01,Moderate
5,Lower Parel,Mumbai,Industrial,75,70,2023,4,Apr,79.32,73.22,4.32,3.22,Moderate
5,Lower Parel,Mumbai,Industrial,75,70,2023,5,May,79.49,73.92,4.49,3.92,Moderate
5,Lower Parel,Mumbai,Industrial,75,70,2023,6,Jun,78.16,72.33,3.16,2.33,Moderate
5,Lower Parel,Mumbai,Industrial,75,70,2023,7,Jul,77.96,72.12,2.96,2.12,Moderate
5,Lower Parel,Mumbai,Industrial,75,70,2023,8,Aug,77.19,72.1,2.19,2.1,Moderate
5,Lower Parel,Mumbai,Industrial,75,70,2023,9,Sep,77.54,72.53,2.54,2.53,Moderate
5,Lower Parel,Mumbai,Industrial,75,70,2023,10,Oct,78.61,73.24,3.61,3.24,Moderate
5,Lower Parel,Mumbai,Industrial,75,70,2023,11,Nov,78.9,73.06,3.9,3.06,Moderate
5,Lower Parel,Mumbai,Industrial,75,70,2023,12,Dec,79.25,72.76,4.25,2.76,Moderate
5,Lower Parel,Mumbai,Industrial,75,70,2024,1,Jan,79.37,73.65,4.37,3.65,Moderate
5,Lower Parel,Mumbai,Industrial,75,70,2024,2,Feb,78.66,73.53,3.66,3.53,Moderate
5,Lower Parel,Mumbai,Industrial,75,70,2024,3,Mar,79.4,73.32,4.4,3.32,Moderate
5,Lower Parel,Mumbai,Industrial,75,70,2024,4,Apr,79.79,74.05,4.79,4.05,Moderate
5,Lower Parel,Mumbai,Industrial,75,70,2024,5,May,79.85,73.85,4.85,3.85,Moderate
5,Lower Parel,Mumbai,Industrial,75,70,2024,6,Jun,78.16,72.53,3.16,2.53,Moderate
5,Lower Parel,Mumbai,Industrial,75,70,2024,7,Jul,78.25,72.33,3.25,2.33,Moderate
5,Lower Parel,Mumbai,Industrial,75,70,2024,8,Aug,78.22,72.5,3.22,2.5,Moderate
5,Lower Parel,Mumbai,Industrial,75,70,2024,9,Sep,78.64,72.97,3.64,2.97,Moderate
5,Lower Parel,Mumbai,Industrial,75,70,2024,10,Oct,79.31,73.1,4.31,3.1,Moderate
5,Lower Parel,Mumbai,Industrial,75,70,2024,11,Nov,79.12,73.2,4.12,3.2,Moderate
5,Lower Parel,Mumbai,Industrial,75,70,2024,12,Dec,79.27,73.58,4.27,3.58,Moderate
6,Khar (W),Mumbai,Commercial,65,55,2020,1,Jan,70.63,61.92,5.63,6.92,High
6,Khar (W),Mumbai,Commercial,65,55,2020,2,Feb,70.46,62.17,5.46,7.17,High
6,Khar (W),Mumbai,Commercial,65,55,2020,3,Mar,70.52,62.38,5.52,7.38,High
6,Khar (W),Mumbai,Commercial,65,55,2020,4,Apr,70.47,61.95,5.47,6.95,High
6,Khar (W),Mumbai,Commercial,65,55,2020,5,May,70.37,62.7,5.37,7.7,High
6,Khar (W),Mumbai,Commercial,65,55,2020,6,Jun,69.6,61.29,4.6,6.29,High
6,Khar (W),Mumbai,Commercial,65,55,2020,7,Jul,69.18,60.87,4.18,5.87,High
6,Khar (W),Mumbai,Commercial,65,55,2020,8,Aug,70.03,61.23,5.03,6.23,High
6,Khar (W),Mumbai,Commercial,65,55,2020,9,Sep,69.63,61.65,4.63,6.65,High
6,Khar (W),Mumbai,Commercial,65,55,2020,10,Oct,70.24,61.84,5.24,6.84,High
6,Khar (W),Mumbai,Commercial,65,55,2020,11,Nov,70.06,62.09,5.06,7.09,High
6,Khar (W),Mumbai,Commercial,65,55,2020,12,Dec,71.06,62.37,6.06,7.37,High
6,Khar (W),Mumbai,Commercial,65,55,2021,1,Jan,73.68,64.3,8.68,9.3,High
6,Khar (W),Mumbai,Commercial,65,55,2021,2,Feb,72.7,64.17,7.7,9.17,High
6,Khar (W),Mumbai,Commercial,65,55,2021,3,Mar,73.22,64.52,8.22,9.52,High
6,Khar (W),Mumbai,Commercial,65,55,2021,4,Apr,72.99,64.81,7.99,9.81,High
6,Khar (W),Mumbai,Commercial,65,55,2021,5,May,73.65,64.61,8.65,9.61,High
6,Khar (W),Mumbai,Commercial,65,55,2021,6,Jun,71.9,63.27,6.9,8.27,High
6,Khar (W),Mumbai,Commercial,65,55,2021,7,Jul,72.15,63.41,7.15,8.41,High
6,Khar (W),Mumbai,Commercial,65,55,2021,8,Aug,71.71,63.24,6.71,8.24,High
6,Khar (W),Mumbai,Commercial,65,55,2021,9,Sep,72.3,64.13,7.3,9.13,High
6,Khar (W),Mumbai,Commercial,65,55,2021,10,Oct,72.82,63.8,7.82,8.8,High
6,Khar (W),Mumbai,Commercial,65,55,2021,11,Nov,73.03,64.25,8.03,9.25,High
6,Khar (W),Mumbai,Commercial,65,55,2021,12,Dec,72.49,64.39,7.49,9.39,High
6,Khar (W),Mumbai,Commercial,65,55,2022,1,Jan,75.53,66.44,10.53,11.44,High
6,Khar (W),Mumbai,Commercial,65,55,2022,2,Feb,75.95,66.33,10.95,11.33,High
6,Khar (W),Mumbai,Commercial,65,55,2022,3,Mar,75.52,65.98,10.52,10.98,High
6,Khar (W),Mumbai,Commercial,65,55,2022,4,Apr,76.67,66.41,11.67,11.41,High
6,Khar (W),Mumbai,Commercial,65,55,2022,5,May,76.1,66.6,11.1,11.6,High
6,Khar (W),Mumbai,Commercial,65,55,2022,6,Jun,74.66,65.47,9.66,10.47,High
6,Khar (W),Mumbai,Commercial,65,55,2022,7,Jul,74.13,65.19,9.13,10.19,High
6,Khar (W),Mumbai,Commercial,65,55,2022,8,Aug,74.49,65.29,9.49,10.29,High
6,Khar (W),Mumbai,Commercial,65,55,2022,9,Sep,74.59,65.72,9.59,10.72,High
6,Khar (W),Mumbai,Commercial,65,55,2022,10,Oct,75.22,66.3,10.22,11.3,High
6,Khar (W),Mumbai,Commercial,65,55,2022,11,Nov,74.7,66.42,9.7,11.42,High
6,Khar (W),Mumbai,Commercial,65,55,2022,12,Dec,76.07,65.89,11.07,10.89,High
6,Khar (W),Mumbai,Commercial,65,55,2023,1,Jan,76.8,67.23,11.8,12.23,High
6,Khar (W),Mumbai,Commercial,65,55,2023,2,Feb,76.28,66.94,11.28,11.94,High
6,Khar (W),Mumbai,Commercial,65,55,2023,3,Mar,76.57,67.55,11.57,12.55,High
6,Khar (W),Mumbai,Commercial,65,55,2023,4,Apr,77.48,67.65,12.48,12.65,High
6,Khar (W),Mumbai,Commercial,65,55,2023,5,May,77.62,67.37,12.62,12.37,High
6,Khar (W),Mumbai,Commercial,65,55,2023,6,Jun,75.74,66.6,10.74,11.6,High
6,Khar (W),Mumbai,Commercial,65,55,2023,7,Jul,75.23,66.44,10.23,11.44,High
6,Khar (W),Mumbai,Commercial,65,55,2023,8,Aug,75.73,66.33,10.73,11.33,High
6,Khar (W),Mumbai,Commercial,65,55,2023,9,Sep,76.31,66.79,11.31,11.79,High
6,Khar (W),Mumbai,Commercial,65,55,2023,10,Oct,76.49,67.23,11.49,12.23,High
6,Khar (W),Mumbai,Commercial,65,55,2023,11,Nov,76.48,67.32,11.48,12.32,High
6,Khar (W),Mumbai,Commercial,65,55,2023,12,Dec,77.18,67.24,12.18,12.24,High
6,Khar (W),Mumbai,Commercial,65,55,2024,1,Jan,77.7,67.65,12.7,12.65,High
6,Khar (W),Mumbai,Commercial,65,55,2024,2,Feb,77.68,67.66,12.68,12.66,High
6,Khar (W),Mumbai,Commercial,65,55,2024,3,Mar,77.44,68.01,12.44,13.01,High
6,Khar (W),Mumbai,Commercial,65,55,2024,4,Apr,77.69,67.72,12.69,12.72,High
6,Khar (W),Mumbai,Commercial,65,55,2024,5,May,77.63,68.32,12.63,13.32,High
6,Khar (W),Mumbai,Commercial,65,55,2024,6,Jun,76.22,67.45,11.22,12.45,High
6,Khar (W),Mumbai,Commercial,65,55,2024,7,Jul,75.68,67.24,10.68,12.24,High
6,Khar (W),Mumbai,Commercial,65,55,2024,8,Aug,76.56,66.98,11.56,11.98,High
6,Khar (W),Mumbai,Commercial,65,55,2024,9,Sep,76.64,67.38,11.64,12.38,High
6,Khar (W),Mumbai,Commercial,65,55,2024,10,Oct,77.29,67.82,12.29,12.82,High
6,Khar (W),Mumbai,Commercial,65,55,2024,11,Nov,77.53,67.83,12.53,12.83,High
6,Khar (W),Mumbai,Commercial,65,55,2024,12,Dec,77.59,67.89,12.59,12.89,High
7,Dr. E. Moses Road,Mumbai,Commercial,65,55,2020,1,Jan,69.89,61.06,4.89,6.06,High
7,Dr. E. Moses Road,Mumbai,Commercial,65,55,2020,2,Feb,69.2,61.35,4.2,6.35,High
7,Dr. E. Moses Road,Mumbai,Commercial,65,55,2020,3,Mar,69.85,61.26,4.85,6.26,High
7,Dr. E. Moses Road,Mumbai,Commercial,65,55,2020,4,Apr,70.11,61.57,5.11,6.57,High
7,Dr. E. Moses Road,Mumbai,Commercial,65,55,2020,5,May,70.14,61.54,5.14,6.54,High
7,Dr. E. Moses Road,Mumbai,Commercial,65,55,2020,6,Jun,68.86,60.4,3.86,5.4,High
7,Dr. E. Moses Road,Mumbai,Commercial,65,55,2020,7,Jul,68.62,60.06,3.62,5.06,High
7,Dr. E. Moses Road,Mumbai,Commercial,65,55,2020,8,Aug,69.01,60.59,4.01,5.59,High
7,Dr. E. Moses Road,Mumbai,Commercial,65,55,2020,9,Sep,69.08,61.0,4.08,6.0,High
7,Dr. E. Moses Road,Mumbai,Commercial,65,55,2020,10,Oct,70.0,61.3,5.0,6.3,High
7,Dr. E. Moses Road,Mumbai,Commercial,65,55,2020,11,Nov,69.15,61.04,4.15,6.04,High
7,Dr. E. Moses Road,Mumbai,Commercial,65,55,2020,12,Dec,69.71,61.41,4.71,6.41,High
7,Dr. E. Moses Road,Mumbai,Commercial,65,55,2021,1,Jan,72.76,63.55,7.76,8.55,High
7,Dr. E. Moses Road,Mumbai,Commercial,65,55,2021,2,Feb,72.46,63.35,7.46,8.35,High
7,Dr. E. Moses Road,Mumbai,Commercial,65,55,2021,3,Mar,72.42,63.32,7.42,8.32,High
7,Dr. E. Moses Road,Mumbai,Commercial,65,55,2021,4,Apr,72.62,63.53,7.62,8.53,High
7,Dr. E. Moses Road,Mumbai,Commercial,65,55,2021,5,May,72.81,64.21,7.81,9.21,High
7,Dr. E. Moses Road,Mumbai,Commercial,65,55,2021,6,Jun,71.32,63.43,6.32,8.43,High
7,Dr. E. Moses Road,Mumbai,Commercial,65,55,2021,7,Jul,71.45,62.74,6.45,7.74,High
7,Dr. E. Moses Road,Mumbai,Commercial,65,55,2021,8,Aug,71.24,62.94,6.24,7.94,High
7,Dr. E. Moses Road,Mumbai,Commercial,65,55,2021,9,Sep,71.63,63.12,6.63,8.12,High
7,Dr. E. Moses Road,Mumbai,Commercial,65,55,2021,10,Oct,73.07,63.38,8.07,8.38,High
7,Dr. E. Moses Road,Mumbai,Commercial,65,55,2021,11,Nov,72.84,63.46,7.84,8.46,High
7,Dr. E. Moses Road,Mumbai,Commercial,65,55,2021,12,Dec,72.69,64.05,7.69,9.05,High
7,Dr. E. Moses Road,Mumbai,Commercial,65,55,2022,1,Jan,74.81,65.96,9.81,10.96,High
7,Dr. E. Moses Road,Mumbai,Commercial,65,55,2022,2,Feb,75.01,65.29,10.01,10.29,High
7,Dr. E. Moses Road,Mumbai,Commercial,65,55,2022,3,Mar,75.19,65.69,10.19,10.69,High
7,Dr. E. Moses Road,Mumbai,Commercial,65,55,2022,4,Apr,75.49,65.39,10.49,10.39,High
7,Dr. E. Moses Road,Mumbai,Commercial,65,55,2022,5,May,75.28,65.85,10.28,10.85,High
7,Dr. E. Moses Road,Mumbai,Commercial,65,55,2022,6,Jun,73.98,64.92,8.98,9.92,High
7,Dr. E. Moses Road,Mumbai,Commercial,65,55,2022,7,Jul,73.75,64.33,8.75,9.33,High
7,Dr. E. Moses Road,Mumbai,Commercial,65,55,2022,8,Aug,74.01,64.82,9.01,9.82,High
7,Dr. E. Moses Road,Mumbai,Commercial,65,55,2022,9,Sep,74.37,65.22,9.37,10.22,High
7,Dr. E. Moses Road,Mumbai,Commercial,65,55,2022,10,Oct,74.95,65.39,9.95,10.39,High
7,Dr. E. Moses Road,Mumbai,Commercial,65,55,2022,11,Nov,74.88,65.17,9.88,10.17,High
7,Dr. E. Moses Road,Mumbai,Commercial,65,55,2022,12,Dec,75.23,65.64,10.23,10.64,High
7,Dr. E. Moses Road,Mumbai,Commercial,65,55,2023,1,Jan,76.38,66.34,11.38,11.34,High
7,Dr. E. Moses Road,Mumbai,Commercial,65,55,2023,2,Feb,75.78,66.61,10.78,11.61,High
7,Dr. E. Moses Road,Mumbai,Commercial,65,55,2023,3,Mar,76.29,66.64,11.29,11.64,High
7,Dr. E. Moses Road,Mumbai,Commercial,65,55,2023,4,Apr,76.61,66.71,11.61,11.71,High
7,Dr. E. Moses Road,Mumbai,Commercial,65,55,2023,5,May,77.08,66.8,12.08,11.8,High
7,Dr. E. Moses Road,Mumbai,Commercial,65,55,2023,6,Jun,75.33,65.71,10.33,10.71,High
7,Dr. E. Moses Road,Mumbai,Commercial,65,55,2023,7,Jul,74.87,65.54,9.87,10.54,High
7,Dr. E. Moses Road,Mumbai,Commercial,65,55,2023,8,Aug,75.27,65.6,10.27,10.6,High
7,Dr. E. Moses Road,Mumbai,Commercial,65,55,2023,9,Sep,75.88,65.82,10.88,10.82,High
7,Dr. E. Moses Road,Mumbai,Commercial,65,55,2023,10,Oct,75.94,66.21,10.94,11.21,High
7,Dr. E. Moses Road,Mumbai,Commercial,65,55,2023,11,Nov,76.63,66.54,11.63,11.54,High
7,Dr. E. Moses Road,Mumbai,Commercial,65,55,2023,12,Dec,76.71,66.3,11.71,11.3,High
7,Dr. E. Moses Road,Mumbai,Commercial,65,55,2024,1,Jan,77.08,67.38,12.08,12.38,High
7,Dr. E. Moses Road,Mumbai,Commercial,65,55,2024,2,Feb,76.82,67.21,11.82,12.21,High
7,Dr. E. Moses Road,Mumbai,Commercial,65,55,2024,3,Mar,76.84,67.38,11.84,12.38,High
7,Dr. E. Moses Road,Mumbai,Commercial,65,55,2024,4,Apr,77.99,67.23,12.99,12.23,High
7,Dr. E. Moses Road,Mumbai,Commercial,65,55,2024,5,May,77.37,67.79,12.37,12.79,High
7,Dr. E. Moses Road,Mumbai,Commercial,65,55,2024,6,Jun,76.47,66.3,11.47,11.3,High
7,Dr. E. Moses Road,Mumbai,Commercial,65,55,2024,7,Jul,75.57,66.14,10.57,11.14,High
7,Dr. E. Moses Road,Mumbai,Commercial,65,55,2024,8,Aug,75.5,66.12,10.5,11.12,High
7,Dr. E. Moses Road,Mumbai,Commercial,65,55,2024,9,Sep,75.9,66.45,10.9,11.45,High
7,Dr. E. Moses Road,Mumbai,Commercial,65,55,2024,10,Oct,76.69,66.95,11.69,11.95,High
7,Dr. E. Moses Road,Mumbai,Commercial,65,55,2024,11,Nov,77.37,66.9,12.37,11.9,High
7,Dr. E. Moses Road,Mumbai,Commercial,65,55,2024,12,Dec,77.4,67.16,12.4,12.16,High
8,Marine Lines,Mumbai,Commercial,65,55,2020,1,Jan,70.19,61.93,5.19,6.93,High
8,Marine Lines,Mumbai,Commercial,65,55,2020,2,Feb,69.66,61.68,4.66,6.68,High
8,Marine Lines,Mumbai,Commercial,65,55,2020,3,Mar,70.25,61.8,5.25,6.8,High
8,Marine Lines,Mumbai,Commercial,65,55,2020,4,Apr,70.59,62.39,5.59,7.39,High
8,Marine Lines,Mumbai,Commercial,65,55,2020,5,May,70.51,61.99,5.51,6.99,High
8,Marine Lines,Mumbai,Commercial,65,55,2020,6,Jun,69.01,60.89,4.01,5.89,High
8,Marine Lines,Mumbai,Commercial,65,55,2020,7,Jul,68.71,61.04,3.71,6.04,High
8,Marine Lines,Mumbai,Commercial,65,55,2020,8,Aug,69.53,60.79,4.53,5.79,High
8,Marine Lines,Mumbai,Commercial,65,55,2020,9,Sep,69.15,61.29,4.15,6.29,High
8,Marine Lines,Mumbai,Commercial,65,55,2020,10,Oct,69.73,61.63,4.73,6.63,High
8,Marine Lines,Mumbai,Commercial,65,55,2020,11,Nov,70.16,61.4,5.16,6.4,High
8,Marine Lines,Mumbai,Commercial,65,55,2020,12,Dec,70.76,62.16,5.76,7.16,High
8,Marine Lines,Mumbai,Commercial,65,55,2021,1,Jan,72.82,64.02,7.82,9.02,High
8,Marine Lines,Mumbai,Commercial,65,55,2021,2,Feb,72.89,63.97,7.89,8.97,High
8,Marine Lines,Mumbai,Commercial,65,55,2021,3,Mar,73.2,64.4,8.2,9.4,High
8,Marine Lines,Mumbai,Commercial,65,55,2021,4,Apr,73.25,64.04,8.25,9.04,High
8,Marine Lines,Mumbai,Commercial,65,55,2021,5,May,73.09,64.25,8.09,9.25,High
8,Marine Lines,Mumbai,Commercial,65,55,2021,6,Jun,71.99,63.66,6.99,8.66,High
8,Marine Lines,Mumbai,Commercial,65,55,2021,7,Jul,71.54,63.14,6.54,8.14,High
8,Marine Lines,Mumbai,Commercial,65,55,2021,8,Aug,71.9,63.44,6.9,8.44,High
8,Marine Lines,Mumbai,Commercial,65,55,2021,9,Sep,72.96,63.39,7.96,8.39,High
8,Marine Lines,Mumbai,Commercial,65,55,2021,10,Oct,72.55,64.01,7.55,9.01,High
8,Marine Lines,Mumbai,Commercial,65,55,2021,11,Nov,73.1,64.37,8.1,9.37,High
8,Marine Lines,Mumbai,Commercial,65,55,2021,12,Dec,73.28,64.03,8.28,9.03,High
8,Marine Lines,Mumbai,Commercial,65,55,2022,1,Jan,75.58,66.22,10.58,11.22,High
8,Marine Lines,Mumbai,Commercial,65,55,2022,2,Feb,75.45,65.9,10.45,10.9,High
8,Marine Lines,Mumbai,Commercial,65,55,2022,3,Mar,75.72,66.13,10.72,11.13,High
8,Marine Lines,Mumbai,Commercial,65,55,2022,4,Apr,76.11,66.23,11.11,11.23,High
8,Marine Lines,Mumbai,Commercial,65,55,2022,5,May,75.85,66.33,10.85,11.33,High
8,Marine Lines,Mumbai,Commercial,65,55,2022,6,Jun,74.76,65.04,9.76,10.04,High
8,Marine Lines,Mumbai,Commercial,65,55,2022,7,Jul,74.21,64.92,9.21,9.92,High
8,Marine Lines,Mumbai,Commercial,65,55,2022,8,Aug,74.31,65.36,9.31,10.36,High
8,Marine Lines,Mumbai,Commercial,65,55,2022,9,Sep,74.66,65.41,9.66,10.41,High
8,Marine Lines,Mumbai,Commercial,65,55,2022,10,Oct,74.69,65.85,9.69,10.85,High
8,Marine Lines,Mumbai,Commercial,65,55,2022,11,Nov,75.49,66.33,10.49,11.33,High
8,Marine Lines,Mumbai,Commercial,65,55,2022,12,Dec,75.41,66.04,10.41,11.04,High
8,Marine Lines,Mumbai,Commercial,65,55,2023,1,Jan,76.77,67.32,11.77,12.32,High
8,Marine Lines,Mumbai,Commercial,65,55,2023,2,Feb,76.47,66.86,11.47,11.86,High
8,Marine Lines,Mumbai,Commercial,65,55,2023,3,Mar,76.88,66.94,11.88,11.94,High
8,Marine Lines,Mumbai,Commercial,65,55,2023,4,Apr,76.87,67.14,11.87,12.14,High
8,Marine Lines,Mumbai,Commercial,65,55,2023,5,May,77.52,67.09,12.52,12.09,High
8,Marine Lines,Mumbai,Commercial,65,55,2023,6,Jun,75.74,66.06,10.74,11.06,High
8,Marine Lines,Mumbai,Commercial,65,55,2023,7,Jul,75.76,65.7,10.76,10.7,High
8,Marine Lines,Mumbai,Commercial,65,55,2023,8,Aug,75.43,66.18,10.43,11.18,High
8,Marine Lines,Mumbai,Commercial,65,55,2023,9,Sep,76.37,66.39,11.37,11.39,High
8,Marine Lines,Mumbai,Commercial,65,55,2023,10,Oct,76.23,67.08,11.23,12.08,High
8,Marine Lines,Mumbai,Commercial,65,55,2023,11,Nov,76.17,66.46,11.17,11.46,High
8,Marine Lines,Mumbai,Commercial,65,55,2023,12,Dec,76.93,66.9,11.93,11.9,High
8,Marine Lines,Mumbai,Commercial,65,55,2024,1,Jan,77.09,67.74,12.09,12.74,High
8,Marine Lines,Mumbai,Commercial,65,55,2024,2,Feb,77.27,67.29,12.27,12.29,High
8,Marine Lines,Mumbai,Commercial,65,55,2024,3,Mar,77.02,67.67,12.02,12.67,High
8,Marine Lines,Mumbai,Commercial,65,55,2024,4,Apr,77.9,67.68,12.9,12.68,High
8,Marine Lines,Mumbai,Commercial,65,55,2024,5,May,78.45,67.69,13.45,12.69,High
8,Marine Lines,Mumbai,Commercial,65,55,2024,6,Jun,75.94,66.66,10.94,11.66,High
8,Marine Lines,Mumbai,Commercial,65,55,2024,7,Jul,76.09,66.65,11.09,11.65,High
8,Marine Lines,Mumbai,Commercial,65,55,2024,8,Aug,76.23,66.77,11.23,11.77,High
8,Marine Lines,Mumbai,Commercial,65,55,2024,9,Sep,76.22,67.29,11.22,12.29,High
8,Marine Lines,Mumbai,Commercial,65,55,2024,10,Oct,77.08,67.52,12.08,12.52,High
8,Marine Lines,Mumbai,Commercial,65,55,2024,11,Nov,77.4,67.59,12.4,12.59,High
8,Marine Lines,Mumbai,Commercial,65,55,2024,12,Dec,77.67,67.69,12.67,12.69,High
9,Charni Road,Mumbai,Residential,55,45,2020,1,Jan,71.89,61.67,16.89,16.67,Critical
9,Charni Road,Mumbai,Residential,55,45,2020,2,Feb,71.56,61.34,16.56,16.34,Critical
9,Charni Road,Mumbai,Residential,55,45,2020,3,Mar,71.67,61.59,16.67,16.59,Critical
9,Charni Road,Mumbai,Residential,55,45,2020,4,Apr,71.8,61.86,16.8,16.86,Critical
9,Charni Road,Mumbai,Residential,55,45,2020,5,May,72.19,61.41,17.19,16.41,Critical
9,Charni Road,Mumbai,Residential,55,45,2020,6,Jun,70.74,60.46,15.74,15.46,Critical
9,Charni Road,Mumbai,Residential,55,45,2020,7,Jul,70.65,60.27,15.65,15.27,Critical
9,Charni Road,Mumbai,Residential,55,45,2020,8,Aug,70.47,60.12,15.47,15.12,Critical
9,Charni Road,Mumbai,Residential,55,45,2020,9,Sep,70.76,60.32,15.76,15.32,Critical
9,Charni Road,Mumbai,Residential,55,45,2020,10,Oct,70.92,61.25,15.92,16.25,Critical
9,Charni Road,Mumbai,Residential,55,45,2020,11,Nov,71.84,61.39,16.84,16.39,Critical
9,Charni Road,Mumbai,Residential,55,45,2020,12,Dec,71.51,61.39,16.51,16.39,Critical
9,Charni Road,Mumbai,Residential,55,45,2021,1,Jan,73.9,63.07,18.9,18.07,Critical
9,Charni Road,Mumbai,Residential,55,45,2021,2,Feb,74.15,63.28,19.15,18.28,Critical
9,Charni Road,Mumbai,Residential,55,45,2021,3,Mar,73.83,63.21,18.83,18.21,Critical
9,Charni Road,Mumbai,Residential,55,45,2021,4,Apr,74.26,62.99,19.26,17.99,Critical
9,Charni Road,Mumbai,Residential,55,45,2021,5,May,74.33,63.46,19.33,18.46,Critical
9,Charni Road,Mumbai,Residential,55,45,2021,6,Jun,72.6,62.44,17.6,17.44,Critical
9,Charni Road,Mumbai,Residential,55,45,2021,7,Jul,73.14,62.43,18.14,17.43,Critical
9,Charni Road,Mumbai,Residential,55,45,2021,8,Aug,72.63,62.51,17.63,17.51,Critical
9,Charni Road,Mumbai,Residential,55,45,2021,9,Sep,73.52,62.88,18.52,17.88,Critical
9,Charni Road,Mumbai,Residential,55,45,2021,10,Oct,73.62,62.87,18.62,17.87,Critical
9,Charni Road,Mumbai,Residential,55,45,2021,11,Nov,74.01,63.28,19.01,18.28,Critical
9,Charni Road,Mumbai,Residential,55,45,2021,12,Dec,74.27,63.43,19.27,18.43,Critical
9,Charni Road,Mumbai,Residential,55,45,2022,1,Jan,75.81,64.49,20.81,19.49,Critical
9,Charni Road,Mumbai,Residential,55,45,2022,2,Feb,75.7,64.44,20.7,19.44,Critical
9,Charni Road,Mumbai,Residential,55,45,2022,3,Mar,76.12,64.36,21.12,19.36,Critical
9,Charni Road,Mumbai,Residential,55,45,2022,4,Apr,76.32,64.74,21.32,19.74,Critical
9,Charni Road,Mumbai,Residential,55,45,2022,5,May,75.8,64.8,20.8,19.8,Critical
9,Charni Road,Mumbai,Residential,55,45,2022,6,Jun,74.4,63.88,19.4,18.88,Critical
9,Charni Road,Mumbai,Residential,55,45,2022,7,Jul,74.36,63.49,19.36,18.49,Critical
9,Charni Road,Mumbai,Residential,55,45,2022,8,Aug,74.39,64.13,19.39,19.13,Critical
9,Charni Road,Mumbai,Residential,55,45,2022,9,Sep,75.22,64.09,20.22,19.09,Critical
9,Charni Road,Mumbai,Residential,55,45,2022,10,Oct,75.21,64.32,20.21,19.32,Critical
9,Charni Road,Mumbai,Residential,55,45,2022,11,Nov,75.58,64.3,20.58,19.3,Critical
9,Charni Road,Mumbai,Residential,55,45,2022,12,Dec,75.52,64.27,20.52,19.27,Critical
9,Charni Road,Mumbai,Residential,55,45,2023,1,Jan,76.32,65.23,21.32,20.23,Critical
9,Charni Road,Mumbai,Residential,55,45,2023,2,Feb,75.86,65.21,20.86,20.21,Critical
9,Charni Road,Mumbai,Residential,55,45,2023,3,Mar,75.83,64.71,20.83,19.71,Critical
9,Charni Road,Mumbai,Residential,55,45,2023,4,Apr,76.57,65.41,21.57,20.41,Critical
9,Charni Road,Mumbai,Residential,55,45,2023,5,May,77.21,65.31,22.21,20.31,Critical
9,Charni Road,Mumbai,Residential,55,45,2023,6,Jun,75.52,64.29,20.52,19.29,Critical
9,Charni Road,Mumbai,Residential,55,45,2023,7,Jul,74.85,64.28,19.85,19.28,Critical
9,Charni Road,Mumbai,Residential,55,45,2023,8,Aug,75.3,63.88,20.3,18.88,Critical
9,Charni Road,Mumbai,Residential,55,45,2023,9,Sep,75.84,64.78,20.84,19.78,Critical
9,Charni Road,Mumbai,Residential,55,45,2023,10,Oct,75.71,64.88,20.71,19.88,Critical
9,Charni Road,Mumbai,Residential,55,45,2023,11,Nov,76.25,65.05,21.25,20.05,Critical
9,Charni Road,Mumbai,Residential,55,45,2023,12,Dec,76.13,64.97,21.13,19.97,Critical
9,Charni Road,Mumbai,Residential,55,45,2024,1,Jan,76.49,65.63,21.49,20.63,Critical
9,Charni Road,Mumbai,Residential,55,45,2024,2,Feb,76.46,65.13,21.46,20.13,Critical
9,Charni Road,Mumbai,Residential,55,45,2024,3,Mar,76.73,64.73,21.73,19.73,Critical
9,Charni Road,Mumbai,Residential,55,45,2024,4,Apr,77.14,65.15,22.14,20.15,Critical
9,Charni Road,Mumbai,Residential,55,45,2024,5,May,76.89,65.48,21.89,20.48,Critical
9,Charni Road,Mumbai,Residential,55,45,2024,6,Jun,75.11,64.83,20.11,19.83,Critical
9,Charni Road,Mumbai,Residential,55,45,2024,7,Jul,75.06,64.47,20.06,19.47,Critical
9,Charni Road,Mumbai,Residential,55,45,2024,8,Aug,75.39,64.6,20.39,19.6,Critical
9,Charni Road,Mumbai,Residential,55,45,2024,9,Sep,75.72,64.54,20.72,19.54,Critical
9,Charni Road,Mumbai,Residential,55,45,2024,10,Oct,76.5,65.0,21.5,20.0,Critical
9,Charni Road,Mumbai,Residential,55,45,2024,11,Nov,75.93,65.21,20.93,20.21,Critical
9,Charni Road,Mumbai,Residential,55,45,2024,12,Dec,77.05,65.57,22.05,20.57,Critical
10,Turner Road (Bandra),Mumbai,Residential,55,45,2020,1,Jan,71.2,60.83,16.2,15.83,Critical
10,Turner Road (Bandra),Mumbai,Residential,55,45,2020,2,Feb,71.0,61.12,16.0,16.12,Critical
10,Turner Road (Bandra),Mumbai,Residential,55,45,2020,3,Mar,71.41,60.89,16.41,15.89,Critical
10,Turner Road (Bandra),Mumbai,Residential,55,45,2020,4,Apr,71.91,61.05,16.91,16.05,Critical
10,Turner Road (Bandra),Mumbai,Residential,55,45,2020,5,May,71.72,61.16,16.72,16.16,Critical
10,Turner Road (Bandra),Mumbai,Residential,55,45,2020,6,Jun,70.28,60.09,15.28,15.09,Critical
10,Turner Road (Bandra),Mumbai,Residential,55,45,2020,7,Jul,70.22,59.91,15.22,14.91,Critical
10,Turner Road (Bandra),Mumbai,Residential,55,45,2020,8,Aug,70.42,59.98,15.42,14.98,Critical
10,Turner Road (Bandra),Mumbai,Residential,55,45,2020,9,Sep,70.52,59.9,15.52,14.9,Critical
10,Turner Road (Bandra),Mumbai,Residential,55,45,2020,10,Oct,71.27,60.67,16.27,15.67,Critical
10,Turner Road (Bandra),Mumbai,Residential,55,45,2020,11,Nov,71.5,60.22,16.5,15.22,Critical
10,Turner Road (Bandra),Mumbai,Residential,55,45,2020,12,Dec,72.03,60.87,17.03,15.87,Critical
10,Turner Road (Bandra),Mumbai,Residential,55,45,2021,1,Jan,73.83,62.59,18.83,17.59,Critical
10,Turner Road (Bandra),Mumbai,Residential,55,45,2021,2,Feb,73.48,62.39,18.48,17.39,Critical
10,Turner Road (Bandra),Mumbai,Residential,55,45,2021,3,Mar,73.31,63.08,18.31,18.08,Critical
10,Turner Road (Bandra),Mumbai,Residential,55,45,2021,4,Apr,73.74,62.94,18.74,17.94,Critical
10,Turner Road (Bandra),Mumbai,Residential,55,45,2021,5,May,74.26,63.2,19.26,18.2,Critical
10,Turner Road (Bandra),Mumbai,Residential,55,45,2021,6,Jun,72.55,62.07,17.55,17.07,Critical
10,Turner Road (Bandra),Mumbai,Residential,55,45,2021,7,Jul,72.92,61.79,17.92,16.79,Critical
10,Turner Road (Bandra),Mumbai,Residential,55,45,2021,8,Aug,72.46,62.11,17.46,17.11,Critical
10,Turner Road (Bandra),Mumbai,Residential,55,45,2021,9,Sep,73.03,62.44,18.03,17.44,Critical
10,Turner Road (Bandra),Mumbai,Residential,55,45,2021,10,Oct,73.39,62.27,18.39,17.27,Critical
10,Turner Road (Bandra),Mumbai,Residential,55,45,2021,11,Nov,73.89,62.47,18.89,17.47,Critical
10,Turner Road (Bandra),Mumbai,Residential,55,45,2021,12,Dec,73.69,62.65,18.69,17.65,Critical
10,Turner Road (Bandra),Mumbai,Residential,55,45,2022,1,Jan,75.08,64.17,20.08,19.17,Critical
10,Turner Road (Bandra),Mumbai,Residential,55,45,2022,2,Feb,75.0,63.98,20.0,18.98,Critical
10,Turner Road (Bandra),Mumbai,Residential,55,45,2022,3,Mar,75.58,64.09,20.58,19.09,Critical
10,Turner Road (Bandra),Mumbai,Residential,55,45,2022,4,Apr,75.33,64.39,20.33,19.39,Critical
10,Turner Road (Bandra),Mumbai,Residential,55,45,2022,5,May,75.96,64.15,20.96,19.15,Critical
10,Turner Road (Bandra),Mumbai,Residential,55,45,2022,6,Jun,74.28,63.44,19.28,18.44,Critical
10,Turner Road (Bandra),Mumbai,Residential,55,45,2022,7,Jul,73.71,63.38,18.71,18.38,Critical
10,Turner Road (Bandra),Mumbai,Residential,55,45,2022,8,Aug,73.95,63.23,18.95,18.23,Critical
10,Turner Road (Bandra),Mumbai,Residential,55,45,2022,9,Sep,74.25,63.5,19.25,18.5,Critical
10,Turner Road (Bandra),Mumbai,Residential,55,45,2022,10,Oct,74.47,63.51,19.47,18.51,Critical
10,Turner Road (Bandra),Mumbai,Residential,55,45,2022,11,Nov,75.48,63.83,20.48,18.83,Critical
10,Turner Road (Bandra),Mumbai,Residential,55,45,2022,12,Dec,74.9,63.67,19.9,18.67,Critical
10,Turner Road (Bandra),Mumbai,Residential,55,45,2023,1,Jan,75.61,64.34,20.61,19.34,Critical
10,Turner Road (Bandra),Mumbai,Residential,55,45,2023,2,Feb,76.09,64.6,21.09,19.6,Critical
10,Turner Road (Bandra),Mumbai,Residential,55,45,2023,3,Mar,75.59,64.95,20.59,19.95,Critical
10,Turner Road (Bandra),Mumbai,Residential,55,45,2023,4,Apr,76.39,64.64,21.39,19.64,Critical
10,Turner Road (Bandra),Mumbai,Residential,55,45,2023,5,May,75.55,65.36,20.55,20.36,Critical
10,Turner Road (Bandra),Mumbai,Residential,55,45,2023,6,Jun,74.38,63.47,19.38,18.47,Critical
10,Turner Road (Bandra),Mumbai,Residential,55,45,2023,7,Jul,74.81,64.09,19.81,19.09,Critical
10,Turner Road (Bandra),Mumbai,Residential,55,45,2023,8,Aug,75.12,63.81,20.12,18.81,Critical
10,Turner Road (Bandra),Mumbai,Residential,55,45,2023,9,Sep,75.18,64.17,20.18,19.17,Critical
10,Turner Road (Bandra),Mumbai,Residential,55,45,2023,10,Oct,75.73,64.36,20.73,19.36,Critical
10,Turner Road (Bandra),Mumbai,Residential,55,45,2023,11,Nov,75.73,64.49,20.73,19.49,Critical
10,Turner Road (Bandra),Mumbai,Residential,55,45,2023,12,Dec,75.67,64.54,20.67,19.54,Critical
10,Turner Road (Bandra),Mumbai,Residential,55,45,2024,1,Jan,75.59,64.88,20.59,19.88,Critical
10,Turner Road (Bandra),Mumbai,Residential,55,45,2024,2,Feb,75.6,64.48,20.6,19.48,Critical
10,Turner Road (Bandra),Mumbai,Residential,55,45,2024,3,Mar,76.15,65.08,21.15,20.08,Critical
10,Turner Road (Bandra),Mumbai,Residential,55,45,2024,4,Apr,76.68,64.69,21.68,19.69,Critical
10,Turner Road (Bandra),Mumbai,Residential,55,45,2024,5,May,76.3,65.39,21.3,20.39,Critical
10,Turner Road (Bandra),Mumbai,Residential,55,45,2024,6,Jun,74.81,64.06,19.81,19.06,Critical
10,Turner Road (Bandra),Mumbai,Residential,55,45,2024,7,Jul,74.97,63.71,19.97,18.71,Critical
10,Turner Road (Bandra),Mumbai,Residential,55,45,2024,8,Aug,75.03,63.73,20.03,18.73,Critical
10,Turner Road (Bandra),Mumbai,Residential,55,45,2024,9,Sep,75.12,64.36,20.12,19.36,Critical
10,Turner Road (Bandra),Mumbai,Residential,55,45,2024,10,Oct,75.32,64.69,20.32,19.69,Critical
10,Turner Road (Bandra),Mumbai,Residential,55,45,2024,11,Nov,75.99,64.91,20.99,19.91,Critical
10,Turner Road (Bandra),Mumbai,Residential,55,45,2024,12,Dec,76.27,65.17,21.27,20.17,Critical
11,Mahalakshmi,Mumbai,Residential,55,45,2020,1,Jan,71.34,60.31,16.34,15.31,Critical
11,Mahalakshmi,Mumbai,Residential,55,45,2020,2,Feb,71.14,60.31,16.14,15.31,Critical
11,Mahalakshmi,Mumbai,Residential,55,45,2020,3,Mar,71.31,60.31,16.31,15.31,Critical
11,Mahalakshmi,Mumbai,Residential,55,45,2020,4,Apr,71.39,60.37,16.39,15.37,Critical
11,Mahalakshmi,Mumbai,Residential,55,45,2020,5,May,71.38,61.05,16.38,16.05,Critical
11,Mahalakshmi,Mumbai,Residential,55,45,2020,6,Jun,69.93,59.46,14.93,14.46,High
11,Mahalakshmi,Mumbai,Residential,55,45,2020,7,Jul,69.78,59.58,14.78,14.58,High
11,Mahalakshmi,Mumbai,Residential,55,45,2020,8,Aug,70.11,59.75,15.11,14.75,Critical
11,Mahalakshmi,Mumbai,Residential,55,45,2020,9,Sep,70.3,59.86,15.3,14.86,Critical
11,Mahalakshmi,Mumbai,Residential,55,45,2020,10,Oct,70.75,60.53,15.75,15.53,Critical
11,Mahalakshmi,Mumbai,Residential,55,45,2020,11,Nov,70.84,60.36,15.84,15.36,Critical
11,Mahalakshmi,Mumbai,Residential,55,45,2020,12,Dec,71.59,60.48,16.59,15.48,Critical
11,Mahalakshmi,Mumbai,Residential,55,45,2021,1,Jan,73.44,62.27,18.44,17.27,Critical
11,Mahalakshmi,Mumbai,Residential,55,45,2021,2,Feb,73.31,62.07,18.31,17.07,Critical
11,Mahalakshmi,Mumbai,Residential,55,45,2021,3,Mar,73.79,62.64,18.79,17.64,Critical
11,Mahalakshmi,Mumbai,Residential,55,45,2021,4,Apr,73.63,62.13,18.63,17.13,Critical
11,Mahalakshmi,Mumbai,Residential,55,45,2021,5,May,73.97,63.12,18.97,18.12,Critical
11,Mahalakshmi,Mumbai,Residential,55,45,2021,6,Jun,72.26,61.83,17.26,16.83,Critical
11,Mahalakshmi,Mumbai,Residential,55,45,2021,7,Jul,72.7,61.19,17.7,16.19,Critical
11,Mahalakshmi,Mumbai,Residential,55,45,2021,8,Aug,72.57,61.73,17.57,16.73,Critical
11,Mahalakshmi,Mumbai,Residential,55,45,2021,9,Sep,72.59,61.66,17.59,16.66,Critical
11,Mahalakshmi,Mumbai,Residential,55,45,2021,10,Oct,73.03,61.8,18.03,16.8,Critical
11,Mahalakshmi,Mumbai,Residential,55,45,2021,11,Nov,73.21,61.96,18.21,16.96,Critical
11,Mahalakshmi,Mumbai,Residential,55,45,2021,12,Dec,73.61,62.15,18.61,17.15,Critical
11,Mahalakshmi,Mumbai,Residential,55,45,2022,1,Jan,75.17,63.29,20.17,18.29,Critical
11,Mahalakshmi,Mumbai,Residential,55,45,2022,2,Feb,75.0,63.57,20.0,18.57,Critical
11,Mahalakshmi,Mumbai,Residential,55,45,2022,3,Mar,74.5,63.57,19.5,18.57,Critical
11,Mahalakshmi,Mumbai,Residential,55,45,2022,4,Apr,75.77,63.46,20.77,18.46,Critical
11,Mahalakshmi,Mumbai,Residential,55,45,2022,5,May,76.1,63.98,21.1,18.98,Critical
11,Mahalakshmi,Mumbai,Residential,55,45,2022,6,Jun,73.89,62.79,18.89,17.79,Critical
11,Mahalakshmi,Mumbai,Residential,55,45,2022,7,Jul,73.97,62.62,18.97,17.62,Critical
11,Mahalakshmi,Mumbai,Residential,55,45,2022,8,Aug,74.16,62.52,19.16,17.52,Critical
11,Mahalakshmi,Mumbai,Residential,55,45,2022,9,Sep,74.35,62.72,19.35,17.72,Critical
11,Mahalakshmi,Mumbai,Residential,55,45,2022,10,Oct,74.77,63.12,19.77,18.12,Critical
11,Mahalakshmi,Mumbai,Residential,55,45,2022,11,Nov,74.78,63.75,19.78,18.75,Critical
11,Mahalakshmi,Mumbai,Residential,55,45,2022,12,Dec,75.53,63.72,20.53,18.72,Critical
11,Mahalakshmi,Mumbai,Residential,55,45,2023,1,Jan,75.47,64.04,20.47,19.04,Critical
11,Mahalakshmi,Mumbai,Residential,55,45,2023,2,Feb,75.96,63.93,20.96,18.93,Critical
11,Mahalakshmi,Mumbai,Residential,55,45,2023,3,Mar,76.5,64.08,21.5,19.08,Critical
11,Mahalakshmi,Mumbai,Residential,55,45,2023,4,Apr,76.16,64.14,21.16,19.14,Critical
11,Mahalakshmi,Mumbai,Residential,55,45,2023,5,May,76.34,64.37,21.34,19.37,Critical
11,Mahalakshmi,Mumbai,Residential,55,45,2023,6,Jun,75.01,63.49,20.01,18.49,Critical
11,Mahalakshmi,Mumbai,Residential,55,45,2023,7,Jul,74.26,62.83,19.26,17.83,Critical
11,Mahalakshmi,Mumbai,Residential,55,45,2023,8,Aug,74.15,63.3,19.15,18.3,Critical
11,Mahalakshmi,Mumbai,Residential,55,45,2023,9,Sep,74.67,63.07,19.67,18.07,Critical
11,Mahalakshmi,Mumbai,Residential,55,45,2023,10,Oct,75.62,64.3,20.62,19.3,Critical
11,Mahalakshmi,Mumbai,Residential,55,45,2023,11,Nov,75.7,64.17,20.7,19.17,Critical
11,Mahalakshmi,Mumbai,Residential,55,45,2023,12,Dec,75.92,64.08,20.92,19.08,Critical
11,Mahalakshmi,Mumbai,Residential,55,45,2024,1,Jan,76.38,64.34,21.38,19.34,Critical
11,Mahalakshmi,Mumbai,Residential,55,45,2024,2,Feb,75.98,64.26,20.98,19.26,Critical
11,Mahalakshmi,Mumbai,Residential,55,45,2024,3,Mar,75.9,64.5,20.9,19.5,Critical
11,Mahalakshmi,Mumbai,Residential,55,45,2024,4,Apr,76.35,64.35,21.35,19.35,Critical
11,Mahalakshmi,Mumbai,Residential,55,45,2024,5,May,76.76,64.52,21.76,19.52,Critical
11,Mahalakshmi,Mumbai,Residential,55,45,2024,6,Jun,75.11,63.6,20.11,18.6,Critical
11,Mahalakshmi,Mumbai,Residential,55,45,2024,7,Jul,75.13,63.49,20.13,18.49,Critical
11,Mahalakshmi,Mumbai,Residential,55,45,2024,8,Aug,74.99,63.66,19.99,18.66,Critical
11,Mahalakshmi,Mumbai,Residential,55,45,2024,9,Sep,75.72,63.91,20.72,18.91,Critical
11,Mahalakshmi,Mumbai,Residential,55,45,2024,10,Oct,75.8,63.84,20.8,18.84,Critical
11,Mahalakshmi,Mumbai,Residential,55,45,2024,11,Nov,75.68,64.24,20.68,19.24,Critical
11,Mahalakshmi,Mumbai,Residential,55,45,2024,12,Dec,76.02,64.36,21.02,19.36,Critical
12,Matunga,Mumbai,Residential,55,45,2020,1,Jan,71.12,60.21,16.12,15.21,Critical
12,Matunga,Mumbai,Residential,55,45,2020,2,Feb,70.88,60.0,15.88,15.0,Critical
12,Matunga,Mumbai,Residential,55,45,2020,3,Mar,71.12,59.6,16.12,14.6,Critical
12,Matunga,Mumbai,Residential,55,45,2020,4,Apr,71.12,60.17,16.12,15.17,Critical
12,Matunga,Mumbai,Residential,55,45,2020,5,May,71.24,60.52,16.24,15.52,Critical
12,Matunga,Mumbai,Residential,55,45,2020,6,Jun,70.56,59.54,15.56,14.54,Critical
12,Matunga,Mumbai,Residential,55,45,2020,7,Jul,69.74,59.4,14.74,14.4,High
12,Matunga,Mumbai,Residential,55,45,2020,8,Aug,70.04,59.13,15.04,14.13,Critical
12,Matunga,Mumbai,Residential,55,45,2020,9,Sep,70.12,59.44,15.12,14.44,Critical
12,Matunga,Mumbai,Residential,55,45,2020,10,Oct,70.68,59.83,15.68,14.83,Critical
12,Matunga,Mumbai,Residential,55,45,2020,11,Nov,71.05,60.0,16.05,15.0,Critical
12,Matunga,Mumbai,Residential,55,45,2020,12,Dec,71.33,60.34,16.33,15.34,Critical
12,Matunga,Mumbai,Residential,55,45,2021,1,Jan,73.58,61.7,18.58,16.7,Critical
12,Matunga,Mumbai,Residential,55,45,2021,2,Feb,72.33,61.99,17.33,16.99,Critical
12,Matunga,Mumbai,Residential,55,45,2021,3,Mar,72.89,61.86,17.89,16.86,Critical
12,Matunga,Mumbai,Residential,55,45,2021,4,Apr,73.25,61.74,18.25,16.74,Critical
12,Matunga,Mumbai,Residential,55,45,2021,5,May,73.96,62.45,18.96,17.45,Critical
12,Matunga,Mumbai,Residential,55,45,2021,6,Jun,72.13,60.68,17.13,15.68,Critical
12,Matunga,Mumbai,Residential,55,45,2021,7,Jul,71.84,61.08,16.84,16.08,Critical
12,Matunga,Mumbai,Residential,55,45,2021,8,Aug,71.76,61.14,16.76,16.14,Critical
12,Matunga,Mumbai,Residential,55,45,2021,9,Sep,72.5,61.52,17.5,16.52,Critical
12,Matunga,Mumbai,Residential,55,45,2021,10,Oct,73.04,61.51,18.04,16.51,Critical
12,Matunga,Mumbai,Residential,55,45,2021,11,Nov,73.56,61.87,18.56,16.87,Critical
12,Matunga,Mumbai,Residential,55,45,2021,12,Dec,73.39,61.81,18.39,16.81,Critical
12,Matunga,Mumbai,Residential,55,45,2022,1,Jan,74.77,63.12,19.77,18.12,Critical
12,Matunga,Mumbai,Residential,55,45,2022,2,Feb,74.65,63.44,19.65,18.44,Critical
12,Matunga,Mumbai,Residential,55,45,2022,3,Mar,74.49,62.88,19.49,17.88,Critical
12,Matunga,Mumbai,Residential,55,45,2022,4,Apr,75.64,63.36,20.64,18.36,Critical
12,Matunga,Mumbai,Residential,55,45,2022,5,May,75.2,63.81,20.2,18.81,Critical
12,Matunga,Mumbai,Residential,55,45,2022,6,Jun,73.72,62.87,18.72,17.87,Critical
12,Matunga,Mumbai,Residential,55,45,2022,7,Jul,73.8,62.2,18.8,17.2,Critical
12,Matunga,Mumbai,Residential,55,45,2022,8,Aug,74.45,62.28,19.45,17.28,Critical
12,Matunga,Mumbai,Residential,55,45,2022,9,Sep,74.32,62.76,19.32,17.76,Critical
12,Matunga,Mumbai,Residential,55,45,2022,10,Oct,74.99,63.31,19.99,18.31,Critical
12,Matunga,Mumbai,Residential,55,45,2022,11,Nov,74.81,63.05,19.81,18.05,Critical
12,Matunga,Mumbai,Residential,55,45,2022,12,Dec,75.14,63.16,20.14,18.16,Critical
12,Matunga,Mumbai,Residential,55,45,2023,1,Jan,76.2,63.83,21.2,18.83,Critical
12,Matunga,Mumbai,Residential,55,45,2023,2,Feb,75.29,63.64,20.29,18.64,Critical
12,Matunga,Mumbai,Residential,55,45,2023,3,Mar,75.2,63.51,20.2,18.51,Critical
12,Matunga,Mumbai,Residential,55,45,2023,4,Apr,76.26,63.77,21.26,18.77,Critical
12,Matunga,Mumbai,Residential,55,45,2023,5,May,75.79,64.21,20.79,19.21,Critical
12,Matunga,Mumbai,Residential,55,45,2023,6,Jun,74.96,63.14,19.96,18.14,Critical
12,Matunga,Mumbai,Residential,55,45,2023,7,Jul,74.6,62.65,19.6,17.65,Critical
12,Matunga,Mumbai,Residential,55,45,2023,8,Aug,74.07,63.2,19.07,18.2,Critical
12,Matunga,Mumbai,Residential,55,45,2023,9,Sep,74.7,63.15,19.7,18.15,Critical
12,Matunga,Mumbai,Residential,55,45,2023,10,Oct,75.7,63.61,20.7,18.61,Critical
12,Matunga,Mumbai,Residential,55,45,2023,11,Nov,75.64,64.13,20.64,19.13,Critical
12,Matunga,Mumbai,Residential,55,45,2023,12,Dec,75.51,63.99,20.51,18.99,Critical
12,Matunga,Mumbai,Residential,55,45,2024,1,Jan,75.92,64.15,20.92,19.15,Critical
12,Matunga,Mumbai,Residential,55,45,2024,2,Feb,76.16,64.0,21.16,19.0,Critical
12,Matunga,Mumbai,Residential,55,45,2024,3,Mar,76.06,64.21,21.06,19.21,Critical
12,Matunga,Mumbai,Residential,55,45,2024,4,Apr,76.09,64.03,21.09,19.03,Critical
12,Matunga,Mumbai,Residential,55,45,2024,5,May,76.09,64.01,21.09,19.01,Critical
12,Matunga,Mumbai,Residential,55,45,2024,6,Jun,75.52,63.08,20.52,18.08,Critical
12,Matunga,Mumbai,Residential,55,45,2024,7,Jul,74.53,63.04,19.53,18.04,Critical
12,Matunga,Mumbai,Residential,55,45,2024,8,Aug,74.89,63.36,19.89,18.36,Critical
12,Matunga,Mumbai,Residential,55,45,2024,9,Sep,75.36,63.38,20.36,18.38,Critical
12,Matunga,Mumbai,Residential,55,45,2024,10,Oct,75.55,63.86,20.55,18.86,Critical
12,Matunga,Mumbai,Residential,55,45,2024,11,Nov,75.73,64.32,20.73,19.32,Critical
12,Matunga,Mumbai,Residential,55,45,2024,12,Dec,76.15,64.25,21.15,19.25,Critical
13,Haji Ali,Mumbai,Commercial,65,55,2020,1,Jan,68.9,59.83,3.9,4.83,Moderate
13,Haji Ali,Mumbai,Commercial,65,55,2020,2,Feb,68.55,59.14,3.55,4.14,Moderate
13,Haji Ali,Mumbai,Commercial,65,55,2020,3,Mar,68.82,59.37,3.82,4.37,Moderate
13,Haji Ali,Mumbai,Commercial,65,55,2020,4,Apr,68.84,59.82,3.84,4.82,Moderate
13,Haji Ali,Mumbai,Commercial,65,55,2020,5,May,69.57,59.9,4.57,4.9,Moderate
13,Haji Ali,Mumbai,Commercial,65,55,2020,6,Jun,67.79,59.14,2.79,4.14,Moderate
13,Haji Ali,Mumbai,Commercial,65,55,2020,7,Jul,67.47,59.12,2.47,4.12,Moderate
13,Haji Ali,Mumbai,Commercial,65,55,2020,8,Aug,67.77,58.35,2.77,3.35,Moderate
13,Haji Ali,Mumbai,Commercial,65,55,2020,9,Sep,68.13,59.08,3.13,4.08,Moderate
13,Haji Ali,Mumbai,Commercial,65,55,2020,10,Oct,68.79,59.43,3.79,4.43,Moderate
13,Haji Ali,Mumbai,Commercial,65,55,2020,11,Nov,68.56,59.26,3.56,4.26,Moderate
13,Haji Ali,Mumbai,Commercial,65,55,2020,12,Dec,68.74,59.43,3.74,4.43,Moderate
13,Haji Ali,Mumbai,Commercial,65,55,2021,1,Jan,71.33,62.02,6.33,7.02,High
13,Haji Ali,Mumbai,Commercial,65,55,2021,2,Feb,71.8,61.78,6.8,6.78,High
13,Haji Ali,Mumbai,Commercial,65,55,2021,3,Mar,71.14,61.89,6.14,6.89,High
13,Haji Ali,Mumbai,Commercial,65,55,2021,4,Apr,72.16,61.88,7.16,6.88,High
13,Haji Ali,Mumbai,Commercial,65,55,2021,5,May,71.96,62.2,6.96,7.2,High
13,Haji Ali,Mumbai,Commercial,65,55,2021,6,Jun,70.26,61.23,5.26,6.23,High
13,Haji Ali,Mumbai,Commercial,65,55,2021,7,Jul,70.16,60.98,5.16,5.98,High
13,Haji Ali,Mumbai,Commercial,65,55,2021,8,Aug,70.13,60.91,5.13,5.91,High
13,Haji Ali,Mumbai,Commercial,65,55,2021,9,Sep,70.92,61.23,5.92,6.23,High
13,Haji Ali,Mumbai,Commercial,65,55,2021,10,Oct,71.72,61.52,6.72,6.52,High
13,Haji Ali,Mumbai,Commercial,65,55,2021,11,Nov,71.47,61.99,6.47,6.99,High
13,Haji Ali,Mumbai,Commercial,65,55,2021,12,Dec,71.17,61.55,6.17,6.55,High
13,Haji Ali,Mumbai,Commercial,65,55,2022,1,Jan,73.44,64.05,8.44,9.05,High
13,Haji Ali,Mumbai,Commercial,65,55,2022,2,Feb,73.53,64.11,8.53,9.11,High
13,Haji Ali,Mumbai,Commercial,65,55,2022,3,Mar,73.73,63.74,8.73,8.74,High
13,Haji Ali,Mumbai,Commercial,65,55,2022,4,Apr,74.66,64.3,9.66,9.3,High
13,Haji Ali,Mumbai,Commercial,65,55,2022,5,May,75.02,64.34,10.02,9.34,High
13,Haji Ali,Mumbai,Commercial,65,55,2022,6,Jun,73.21,63.12,8.21,8.12,High
13,Haji Ali,Mumbai,Commercial,65,55,2022,7,Jul,72.83,62.69,7.83,7.69,High
13,Haji Ali,Mumbai,Commercial,65,55,2022,8,Aug,72.55,62.9,7.55,7.9,High
13,Haji Ali,Mumbai,Commercial,65,55,2022,9,Sep,73.05,63.11,8.05,8.11,High
13,Haji Ali,Mumbai,Commercial,65,55,2022,10,Oct,73.81,63.69,8.81,8.69,High
13,Haji Ali,Mumbai,Commercial,65,55,2022,11,Nov,73.83,64.0,8.83,9.0,High
13,Haji Ali,Mumbai,Commercial,65,55,2022,12,Dec,73.66,63.76,8.66,8.76,High
13,Haji Ali,Mumbai,Commercial,65,55,2023,1,Jan,74.98,64.43,9.98,9.43,High
13,Haji Ali,Mumbai,Commercial,65,55,2023,2,Feb,74.98,64.58,9.98,9.58,High
13,Haji Ali,Mumbai,Commercial,65,55,2023,3,Mar,75.65,64.83,10.65,9.83,High
13,Haji Ali,Mumbai,Commercial,65,55,2023,4,Apr,75.19,65.27,10.19,10.27,High
13,Haji Ali,Mumbai,Commercial,65,55,2023,5,May,76.07,65.22,11.07,10.22,High
13,Haji Ali,Mumbai,Commercial,65,55,2023,6,Jun,74.13,63.81,9.13,8.81,High
13,Haji Ali,Mumbai,Commercial,65,55,2023,7,Jul,73.79,64.02,8.79,9.02,High
13,Haji Ali,Mumbai,Commercial,65,55,2023,8,Aug,74.67,64.21,9.67,9.21,High
13,Haji Ali,Mumbai,Commercial,65,55,2023,9,Sep,74.25,63.98,9.25,8.98,High
13,Haji Ali,Mumbai,Commercial,65,55,2023,10,Oct,74.94,64.15,9.94,9.15,High
13,Haji Ali,Mumbai,Commercial,65,55,2023,11,Nov,75.2,64.67,10.2,9.67,High
13,Haji Ali,Mumbai,Commercial,65,55,2023,12,Dec,75.16,64.48,10.16,9.48,High
13,Haji Ali,Mumbai,Commercial,65,55,2024,1,Jan,76.05,65.29,11.05,10.29,High
13,Haji Ali,Mumbai,Commercial,65,55,2024,2,Feb,75.35,64.63,10.35,9.63,High
13,Haji Ali,Mumbai,Commercial,65,55,2024,3,Mar,75.89,65.65,10.89,10.65,High
13,Haji Ali,Mumbai,Commercial,65,55,2024,4,Apr,76.7,65.41,11.7,10.41,High
13,Haji Ali,Mumbai,Commercial,65,55,2024,5,May,76.22,65.79,11.22,10.79,High
13,Haji Ali,Mumbai,Commercial,65,55,2024,6,Jun,74.6,64.66,9.6,9.66,High
13,Haji Ali,Mumbai,Commercial,65,55,2024,7,Jul,74.83,64.65,9.83,9.65,High
13,Haji Ali,Mumbai,Commercial,65,55,2024,8,Aug,74.77,64.46,9.77,9.46,High
13,Haji Ali,Mumbai,Commercial,65,55,2024,9,Sep,74.84,64.63,9.84,9.63,High
13,Haji Ali,Mumbai,Commercial,65,55,2024,10,Oct,75.53,65.17,10.53,10.17,High
13,Haji Ali,Mumbai,Commercial,65,55,2024,11,Nov,76.07,65.14,11.07,10.14,High
13,Haji Ali,Mumbai,Commercial,65,55,2024,12,Dec,76.45,65.35,11.45,10.35,High
14,Mahim,Mumbai,Residential,55,45,2020,1,Jan,69.89,59.25,14.89,14.25,High
14,Mahim,Mumbai,Residential,55,45,2020,2,Feb,68.97,59.38,13.97,14.38,High
14,Mahim,Mumbai,Residential,55,45,2020,3,Mar,70.12,59.24,15.12,14.24,Critical
14,Mahim,Mumbai,Residential,55,45,2020,4,Apr,70.22,59.6,15.22,14.6,Critical
14,Mahim,Mumbai,Residential,55,45,2020,5,May,69.93,59.59,14.93,14.59,High
14,Mahim,Mumbai,Residential,55,45,2020,6,Jun,69.14,58.35,14.14,13.35,High
14,Mahim,Mumbai,Residential,55,45,2020,7,Jul,68.69,58.13,13.69,13.13,High
14,Mahim,Mumbai,Residential,55,45,2020,8,Aug,68.94,58.49,13.94,13.49,High
14,Mahim,Mumbai,Residential,55,45,2020,9,Sep,68.62,59.03,13.62,14.03,High
14,Mahim,Mumbai,Residential,55,45,2020,10,Oct,69.38,58.94,14.38,13.94,High
14,Mahim,Mumbai,Residential,55,45,2020,11,Nov,69.86,59.53,14.86,14.53,High
14,Mahim,Mumbai,Residential,55,45,2020,12,Dec,69.7,59.41,14.7,14.41,High
14,Mahim,Mumbai,Residential,55,45,2021,1,Jan,72.23,61.44,17.23,16.44,Critical
14,Mahim,Mumbai,Residential,55,45,2021,2,Feb,71.95,61.03,16.95,16.03,Critical
14,Mahim,Mumbai,Residential,55,45,2021,3,Mar,71.85,61.22,16.85,16.22,Critical
14,Mahim,Mumbai,Residential,55,45,2021,4,Apr,72.08,60.82,17.08,15.82,Critical
14,Mahim,Mumbai,Residential,55,45,2021,5,May,72.73,61.78,17.73,16.78,Critical
14,Mahim,Mumbai,Residential,55,45,2021,6,Jun,70.39,60.3,15.39,15.3,Critical
14,Mahim,Mumbai,Residential,55,45,2021,7,Jul,70.99,60.71,15.99,15.71,Critical
14,Mahim,Mumbai,Residential,55,45,2021,8,Aug,71.01,60.25,16.01,15.25,Critical
14,Mahim,Mumbai,Residential,55,45,2021,9,Sep,71.25,60.97,16.25,15.97,Critical
14,Mahim,Mumbai,Residential,55,45,2021,10,Oct,71.61,60.84,16.61,15.84,Critical
14,Mahim,Mumbai,Residential,55,45,2021,11,Nov,71.86,61.01,16.86,16.01,Critical
14,Mahim,Mumbai,Residential,55,45,2021,12,Dec,72.24,61.62,17.24,16.62,Critical
14,Mahim,Mumbai,Residential,55,45,2022,1,Jan,73.8,62.55,18.8,17.55,Critical
14,Mahim,Mumbai,Residential,55,45,2022,2,Feb,73.41,62.09,18.41,17.09,Critical
14,Mahim,Mumbai,Residential,55,45,2022,3,Mar,73.96,62.48,18.96,17.48,Critical
14,Mahim,Mumbai,Residential,55,45,2022,4,Apr,73.95,63.34,18.95,18.34,Critical
14,Mahim,Mumbai,Residential,55,45,2022,5,May,74.29,62.75,19.29,17.75,Critical
14,Mahim,Mumbai,Residential,55,45,2022,6,Jun,72.57,62.03,17.57,17.03,Critical
14,Mahim,Mumbai,Residential,55,45,2022,7,Jul,72.43,61.31,17.43,16.31,Critical
14,Mahim,Mumbai,Residential,55,45,2022,8,Aug,72.88,61.57,17.88,16.57,Critical
14,Mahim,Mumbai,Residential,55,45,2022,9,Sep,73.46,62.22,18.46,17.22,Critical
14,Mahim,Mumbai,Residential,55,45,2022,10,Oct,73.27,62.56,18.27,17.56,Critical
14,Mahim,Mumbai,Residential,55,45,2022,11,Nov,73.62,62.67,18.62,17.67,Critical
14,Mahim,Mumbai,Residential,55,45,2022,12,Dec,73.95,62.43,18.95,17.43,Critical
14,Mahim,Mumbai,Residential,55,45,2023,1,Jan,74.21,63.31,19.21,18.31,Critical
14,Mahim,Mumbai,Residential,55,45,2023,2,Feb,74.1,62.82,19.1,17.82,Critical
14,Mahim,Mumbai,Residential,55,45,2023,3,Mar,74.11,63.08,19.11,18.08,Critical
14,Mahim,Mumbai,Residential,55,45,2023,4,Apr,75.32,62.99,20.32,17.99,Critical
14,Mahim,Mumbai,Residential,55,45,2023,5,May,74.91,63.68,19.91,18.68,Critical
14,Mahim,Mumbai,Residential,55,45,2023,6,Jun,73.38,62.39,18.38,17.39,Critical
14,Mahim,Mumbai,Residential,55,45,2023,7,Jul,72.78,62.19,17.78,17.19,Critical
14,Mahim,Mumbai,Residential,55,45,2023,8,Aug,73.24,62.4,18.24,17.4,Critical
14,Mahim,Mumbai,Residential,55,45,2023,9,Sep,73.96,63.02,18.96,18.02,Critical
14,Mahim,Mumbai,Residential,55,45,2023,10,Oct,74.27,62.87,19.27,17.87,Critical
14,Mahim,Mumbai,Residential,55,45,2023,11,Nov,74.36,62.93,19.36,17.93,Critical
14,Mahim,Mumbai,Residential,55,45,2023,12,Dec,74.6,63.04,19.6,18.04,Critical
14,Mahim,Mumbai,Residential,55,45,2024,1,Jan,74.75,63.66,19.75,18.66,Critical
14,Mahim,Mumbai,Residential,55,45,2024,2,Feb,74.2,63.43,19.2,18.43,Critical
14,Mahim,Mumbai,Residential,55,45,2024,3,Mar,75.1,63.28,20.1,18.28,Critical
14,Mahim,Mumbai,Residential,55,45,2024,4,Apr,74.36,63.38,19.36,18.38,Critical
14,Mahim,Mumbai,Residential,55,45,2024,5,May,75.59,63.7,20.59,18.7,Critical
14,Mahim,Mumbai,Residential,55,45,2024,6,Jun,73.4,62.5,18.4,17.5,Critical
14,Mahim,Mumbai,Residential,55,45,2024,7,Jul,73.65,62.51,18.65,17.51,Critical
14,Mahim,Mumbai,Residential,55,45,2024,8,Aug,73.53,62.43,18.53,17.43,Critical
14,Mahim,Mumbai,Residential,55,45,2024,9,Sep,73.78,62.62,18.78,17.62,Critical
14,Mahim,Mumbai,Residential,55,45,2024,10,Oct,74.88,63.04,19.88,18.04,Critical
14,Mahim,Mumbai,Residential,55,45,2024,11,Nov,74.97,63.6,19.97,18.6,Critical
14,Mahim,Mumbai,Residential,55,45,2024,12,Dec,75.1,63.31,20.1,18.31,Critical
15,Churchgate,Mumbai,Commercial,65,55,2020,1,Jan,66.62,58.1,1.62,3.1,Moderate
15,Churchgate,Mumbai,Commercial,65,55,2020,2,Feb,66.03,57.96,1.03,2.96,Moderate
15,Churchgate,Mumbai,Commercial,65,55,2020,3,Mar,66.15,58.24,1.15,3.24,Moderate
15,Churchgate,Mumbai,Commercial,65,55,2020,4,Apr,66.66,58.24,1.66,3.24,Moderate
15,Churchgate,Mumbai,Commercial,65,55,2020,5,May,67.08,58.35,2.08,3.35,Moderate
15,Churchgate,Mumbai,Commercial,65,55,2020,6,Jun,65.68,57.21,0.68,2.21,Moderate
15,Churchgate,Mumbai,Commercial,65,55,2020,7,Jul,65.46,56.83,0.46,1.83,Moderate
15,Churchgate,Mumbai,Commercial,65,55,2020,8,Aug,65.44,57.59,0.44,2.59,Moderate
15,Churchgate,Mumbai,Commercial,65,55,2020,9,Sep,65.4,57.36,0.4,2.36,Moderate
15,Churchgate,Mumbai,Commercial,65,55,2020,10,Oct,66.35,57.84,1.35,2.84,Moderate
15,Churchgate,Mumbai,Commercial,65,55,2020,11,Nov,66.51,58.1,1.51,3.1,Moderate
15,Churchgate,Mumbai,Commercial,65,55,2020,12,Dec,66.79,58.32,1.79,3.32,Moderate
15,Churchgate,Mumbai,Commercial,65,55,2021,1,Jan,69.42,60.35,4.42,5.35,High
15,Churchgate,Mumbai,Commercial,65,55,2021,2,Feb,69.3,60.58,4.3,5.58,High
15,Churchgate,Mumbai,Commercial,65,55,2021,3,Mar,69.26,60.11,4.26,5.11,High
15,Churchgate,Mumbai,Commercial,65,55,2021,4,Apr,69.93,60.48,4.93,5.48,High
15,Churchgate,Mumbai,Commercial,65,55,2021,5,May,69.15,60.87,4.15,5.87,High
15,Churchgate,Mumbai,Commercial,65,55,2021,6,Jun,68.14,59.58,3.14,4.58,Moderate
15,Churchgate,Mumbai,Commercial,65,55,2021,7,Jul,68.1,59.44,3.1,4.44,Moderate
15,Churchgate,Mumbai,Commercial,65,55,2021,8,Aug,68.41,59.41,3.41,4.41,Moderate
15,Churchgate,Mumbai,Commercial,65,55,2021,9,Sep,68.65,59.75,3.65,4.75,Moderate
15,Churchgate,Mumbai,Commercial,65,55,2021,10,Oct,69.22,60.22,4.22,5.22,High
15,Churchgate,Mumbai,Commercial,65,55,2021,11,Nov,68.92,60.52,3.92,5.52,High
15,Churchgate,Mumbai,Commercial,65,55,2021,12,Dec,69.24,60.56,4.24,5.56,High
15,Churchgate,Mumbai,Commercial,65,55,2022,1,Jan,71.81,62.67,6.81,7.67,High
15,Churchgate,Mumbai,Commercial,65,55,2022,2,Feb,71.43,62.03,6.43,7.03,High
15,Churchgate,Mumbai,Commercial,65,55,2022,3,Mar,71.69,62.14,6.69,7.14,High
15,Churchgate,Mumbai,Commercial,65,55,2022,4,Apr,72.24,62.08,7.24,7.08,High
15,Churchgate,Mumbai,Commercial,65,55,2022,5,May,71.88,62.39,6.88,7.39,High
15,Churchgate,Mumbai,Commercial,65,55,2022,6,Jun,70.99,61.84,5.99,6.84,High
15,Churchgate,Mumbai,Commercial,65,55,2022,7,Jul,70.37,61.27,5.37,6.27,High
15,Churchgate,Mumbai,Commercial,65,55,2022,8,Aug,70.62,61.63,5.62,6.63,High
15,Churchgate,Mumbai,Commercial,65,55,2022,9,Sep,70.62,61.75,5.62,6.75,High
15,Churchgate,Mumbai,Commercial,65,55,2022,10,Oct,71.69,62.1,6.69,7.1,High
15,Churchgate,Mumbai,Commercial,65,55,2022,11,Nov,71.66,62.4,6.66,7.4,High
15,Churchgate,Mumbai,Commercial,65,55,2022,12,Dec,70.99,62.44,5.99,7.44,High
15,Churchgate,Mumbai,Commercial,65,55,2023,1,Jan,72.8,62.93,7.8,7.93,High
15,Churchgate,Mumbai,Commercial,65,55,2023,2,Feb,72.95,63.37,7.95,8.37,High
15,Churchgate,Mumbai,Commercial,65,55,2023,3,Mar,72.96,63.39,7.96,8.39,High
15,Churchgate,Mumbai,Commercial,65,55,2023,4,Apr,73.78,63.66,8.78,8.66,High
15,Churchgate,Mumbai,Commercial,65,55,2023,5,May,73.99,63.75,8.99,8.75,High
15,Churchgate,Mumbai,Commercial,65,55,2023,6,Jun,72.02,62.18,7.02,7.18,High
15,Churchgate,Mumbai,Commercial,65,55,2023,7,Jul,71.63,62.13,6.63,7.13,High
15,Churchgate,Mumbai,Commercial,65,55,2023,8,Aug,72.55,62.36,7.55,7.36,High
15,Churchgate,Mumbai,Commercial,65,55,2023,9,Sep,72.24,62.81,7.24,7.81,High
15,Churchgate,Mumbai,Commercial,65,55,2023,10,Oct,72.71,63.34,7.71,8.34,High
15,Churchgate,Mumbai,Commercial,65,55,2023,11,Nov,72.71,63.24,7.71,8.24,High
15,Churchgate,Mumbai,Commercial,65,55,2023,12,Dec,72.88,63.04,7.88,8.04,High
15,Churchgate,Mumbai,Commercial,65,55,2024,1,Jan,73.52,63.89,8.52,8.89,High
15,Churchgate,Mumbai,Commercial,65,55,2024,2,Feb,73.37,63.56,8.37,8.56,High
15,Churchgate,Mumbai,Commercial,65,55,2024,3,Mar,73.28,63.78,8.28,8.78,High
15,Churchgate,Mumbai,Commercial,65,55,2024,4,Apr,73.55,64.15,8.55,9.15,High
15,Churchgate,Mumbai,Commercial,65,55,2024,5,May,74.22,63.91,9.22,8.91,High
15,Churchgate,Mumbai,Commercial,65,55,2024,6,Jun,72.61,62.95,7.61,7.95,High
15,Churchgate,Mumbai,Commercial,65,55,2024,7,Jul,72.5,63.17,7.5,8.17,High
15,Churchgate,Mumbai,Commercial,65,55,2024,8,Aug,72.04,63.02,7.04,8.02,High
15,Churchgate,Mumbai,Commercial,65,55,2024,9,Sep,72.85,63.43,7.85,8.43,High
15,Churchgate,Mumbai,Commercial,65,55,2024,10,Oct,73.46,63.45,8.46,8.45,High
15,Churchgate,Mumbai,Commercial,65,55,2024,11,Nov,73.5,63.64,8.5,8.64,High
15,Churchgate,Mumbai,Commercial,65,55,2024,12,Dec,74.12,63.9,9.12,8.9,High
16,Mumbai Central,Mumbai,Commercial,65,55,2020,1,Jan,66.27,57.39,1.27,2.39,Moderate
16,Mumbai Central,Mumbai,Commercial,65,55,2020,2,Feb,65.29,56.9,0.29,1.9,Moderate
16,Mumbai Central,Mumbai,Commercial,65,55,2020,3,Mar,65.16,56.98,0.16,1.98,Moderate
16,Mumbai Central,Mumbai,Commercial,65,55,2020,4,Apr,66.08,57.6,1.08,2.6,Moderate
16,Mumbai Central,Mumbai,Commercial,65,55,2020,5,May,65.73,57.88,0.73,2.88,Moderate
16,Mumbai Central,Mumbai,Commercial,65,55,2020,6,Jun,64.56,56.63,-0.44,1.63,Moderate
16,Mumbai Central,Mumbai,Commercial,65,55,2020,7,Jul,64.88,56.58,-0.12,1.58,Moderate
16,Mumbai Central,Mumbai,Commercial,65,55,2020,8,Aug,64.52,56.32,-0.48,1.32,Moderate
16,Mumbai Central,Mumbai,Commercial,65,55,2020,9,Sep,64.25,56.66,-0.75,1.66,Moderate
16,Mumbai Central,Mumbai,Commercial,65,55,2020,10,Oct,65.34,56.9,0.34,1.9,Moderate
16,Mumbai Central,Mumbai,Commercial,65,55,2020,11,Nov,65.56,57.32,0.56,2.32,Moderate
16,Mumbai Central,Mumbai,Commercial,65,55,2020,12,Dec,65.73,57.27,0.73,2.27,Moderate
16,Mumbai Central,Mumbai,Commercial,65,55,2021,1,Jan,68.55,59.79,3.55,4.79,Moderate
16,Mumbai Central,Mumbai,Commercial,65,55,2021,2,Feb,67.97,59.78,2.97,4.78,Moderate
16,Mumbai Central,Mumbai,Commercial,65,55,2021,3,Mar,68.47,59.6,3.47,4.6,Moderate
16,Mumbai Central,Mumbai,Commercial,65,55,2021,4,Apr,69.01,59.85,4.01,4.85,Moderate
16,Mumbai Central,Mumbai,Commercial,65,55,2021,5,May,69.29,60.06,4.29,5.06,High
16,Mumbai Central,Mumbai,Commercial,65,55,2021,6,Jun,67.32,58.97,2.32,3.97,Moderate
16,Mumbai Central,Mumbai,Commercial,65,55,2021,7,Jul,66.86,58.72,1.86,3.72,Moderate
16,Mumbai Central,Mumbai,Commercial,65,55,2021,8,Aug,67.39,58.76,2.39,3.76,Moderate
16,Mumbai Central,Mumbai,Commercial,65,55,2021,9,Sep,67.66,58.72,2.66,3.72,Moderate
16,Mumbai Central,Mumbai,Commercial,65,55,2021,10,Oct,68.04,59.42,3.04,4.42,Moderate
16,Mumbai Central,Mumbai,Commercial,65,55,2021,11,Nov,68.45,59.39,3.45,4.39,Moderate
16,Mumbai Central,Mumbai,Commercial,65,55,2021,12,Dec,68.98,59.53,3.98,4.53,Moderate
16,Mumbai Central,Mumbai,Commercial,65,55,2022,1,Jan,71.19,61.69,6.19,6.69,High
16,Mumbai Central,Mumbai,Commercial,65,55,2022,2,Feb,70.51,61.76,5.51,6.76,High
16,Mumbai Central,Mumbai,Commercial,65,55,2022,3,Mar,70.54,61.68,5.54,6.68,High
16,Mumbai Central,Mumbai,Commercial,65,55,2022,4,Apr,71.5,61.57,6.5,6.57,High
16,Mumbai Central,Mumbai,Commercial,65,55,2022,5,May,71.82,61.85,6.82,6.85,High
16,Mumbai Central,Mumbai,Commercial,65,55,2022,6,Jun,69.99,60.85,4.99,5.85,High
16,Mumbai Central,Mumbai,Commercial,65,55,2022,7,Jul,69.56,60.76,4.56,5.76,High
16,Mumbai Central,Mumbai,Commercial,65,55,2022,8,Aug,70.04,60.35,5.04,5.35,High
16,Mumbai Central,Mumbai,Commercial,65,55,2022,9,Sep,70.49,60.67,5.49,5.67,High
16,Mumbai Central,Mumbai,Commercial,65,55,2022,10,Oct,70.91,61.53,5.91,6.53,High
16,Mumbai Central,Mumbai,Commercial,65,55,2022,11,Nov,70.47,61.42,5.47,6.42,High
16,Mumbai Central,Mumbai,Commercial,65,55,2022,12,Dec,70.67,61.56,5.67,6.56,High
16,Mumbai Central,Mumbai,Commercial,65,55,2023,1,Jan,72.11,62.76,7.11,7.76,High
16,Mumbai Central,Mumbai,Commercial,65,55,2023,2,Feb,72.39,62.68,7.39,7.68,High
16,Mumbai Central,Mumbai,Commercial,65,55,2023,3,Mar,72.03,62.46,7.03,7.46,High
16,Mumbai Central,Mumbai,Commercial,65,55,2023,4,Apr,71.99,62.54,6.99,7.54,High
16,Mumbai Central,Mumbai,Commercial,65,55,2023,5,May,72.99,63.22,7.99,8.22,High
16,Mumbai Central,Mumbai,Commercial,65,55,2023,6,Jun,70.83,61.68,5.83,6.68,High
16,Mumbai Central,Mumbai,Commercial,65,55,2023,7,Jul,70.89,61.66,5.89,6.66,High
16,Mumbai Central,Mumbai,Commercial,65,55,2023,8,Aug,70.86,61.78,5.86,6.78,High
16,Mumbai Central,Mumbai,Commercial,65,55,2023,9,Sep,71.26,62.0,6.26,7.0,High
16,Mumbai Central,Mumbai,Commercial,65,55,2023,10,Oct,72.06,62.3,7.06,7.3,High
16,Mumbai Central,Mumbai,Commercial,65,55,2023,11,Nov,71.97,62.48,6.97,7.48,High
16,Mumbai Central,Mumbai,Commercial,65,55,2023,12,Dec,72.27,62.53,7.27,7.53,High
16,Mumbai Central,Mumbai,Commercial,65,55,2024,1,Jan,72.82,63.52,7.82,8.52,High
16,Mumbai Central,Mumbai,Commercial,65,55,2024,2,Feb,72.87,62.94,7.87,7.94,High
16,Mumbai Central,Mumbai,Commercial,65,55,2024,3,Mar,73.11,63.03,8.11,8.03,High
16,Mumbai Central,Mumbai,Commercial,65,55,2024,4,Apr,73.55,63.37,8.55,8.37,High
16,Mumbai Central,Mumbai,Commercial,65,55,2024,5,May,73.37,63.59,8.37,8.59,High
16,Mumbai Central,Mumbai,Commercial,65,55,2024,6,Jun,71.43,62.17,6.43,7.17,High
16,Mumbai Central,Mumbai,Commercial,65,55,2024,7,Jul,71.24,62.23,6.24,7.23,High
16,Mumbai Central,Mumbai,Commercial,65,55,2024,8,Aug,72.32,62.75,7.32,7.75,High
16,Mumbai Central,Mumbai,Commercial,65,55,2024,9,Sep,72.29,62.7,7.29,7.7,High
16,Mumbai Central,Mumbai,Commercial,65,55,2024,10,Oct,72.06,62.79,7.06,7.79,High
16,Mumbai Central,Mumbai,Commercial,65,55,2024,11,Nov,72.56,62.98,7.56,7.98,High
16,Mumbai Central,Mumbai,Commercial,65,55,2024,12,Dec,72.95,63.11,7.95,8.11,High
17,Grant Road,Mumbai,Commercial,65,55,2020,1,Jan,64.91,56.95,-0.09,1.95,Moderate
17,Grant Road,Mumbai,Commercial,65,55,2020,2,Feb,64.98,56.65,-0.02,1.65,Moderate
17,Grant Road,Mumbai,Commercial,65,55,2020,3,Mar,66.12,56.52,1.12,1.52,Moderate
17,Grant Road,Mumbai,Commercial,65,55,2020,4,Apr,65.04,56.84,0.04,1.84,Moderate
17,Grant Road,Mumbai,Commercial,65,55,2020,5,May,66.33,57.49,1.33,2.49,Moderate
17,Grant Road,Mumbai,Commercial,65,55,2020,6,Jun,64.13,56.1,-0.87,1.1,Moderate
17,Grant Road,Mumbai,Commercial,65,55,2020,7,Jul,64.06,55.78,-0.94,0.78,Moderate
17,Grant Road,Mumbai,Commercial,65,55,2020,8,Aug,65.19,55.6,0.19,0.6,Moderate
17,Grant Road,Mumbai,Commercial,65,55,2020,9,Sep,64.78,56.29,-0.22,1.29,Moderate
17,Grant Road,Mumbai,Commercial,65,55,2020,10,Oct,65.53,56.52,0.53,1.52,Moderate
17,Grant Road,Mumbai,Commercial,65,55,2020,11,Nov,65.49,56.62,0.49,1.62,Moderate
17,Grant Road,Mumbai,Commercial,65,55,2020,12,Dec,65.68,56.73,0.68,1.73,Moderate
17,Grant Road,Mumbai,Commercial,65,55,2021,1,Jan,68.49,59.03,3.49,4.03,Moderate
17,Grant Road,Mumbai,Commercial,65,55,2021,2,Feb,68.21,58.89,3.21,3.89,Moderate
17,Grant Road,Mumbai,Commercial,65,55,2021,3,Mar,68.64,58.99,3.64,3.99,Moderate
17,Grant Road,Mumbai,Commercial,65,55,2021,4,Apr,68.07,59.45,3.07,4.45,Moderate
17,Grant Road,Mumbai,Commercial,65,55,2021,5,May,68.53,59.27,3.53,4.27,Moderate
17,Grant Road,Mumbai,Commercial,65,55,2021,6,Jun,67.12,58.57,2.12,3.57,Moderate
17,Grant Road,Mumbai,Commercial,65,55,2021,7,Jul,66.36,58.73,1.36,3.73,Moderate
17,Grant Road,Mumbai,Commercial,65,55,2021,8,Aug,67.52,58.24,2.52,3.24,Moderate
17,Grant Road,Mumbai,Commercial,65,55,2021,9,Sep,67.48,58.56,2.48,3.56,Moderate
17,Grant Road,Mumbai,Commercial,65,55,2021,10,Oct,68.16,58.93,3.16,3.93,Moderate
17,Grant Road,Mumbai,Commercial,65,55,2021,11,Nov,68.37,59.02,3.37,4.02,Moderate
17,Grant Road,Mumbai,Commercial,65,55,2021,12,Dec,68.34,59.07,3.34,4.07,Moderate
17,Grant Road,Mumbai,Commercial,65,55,2022,1,Jan,70.64,61.23,5.64,6.23,High
17,Grant Road,Mumbai,Commercial,65,55,2022,2,Feb,70.68,60.21,5.68,5.21,High
17,Grant Road,Mumbai,Commercial,65,55,2022,3,Mar,70.9,60.94,5.9,5.94,High
17,Grant Road,Mumbai,Commercial,65,55,2022,4,Apr,70.99,61.02,5.99,6.02,High
17,Grant Road,Mumbai,Commercial,65,55,2022,5,May,71.54,61.49,6.54,6.49,High
17,Grant Road,Mumbai,Commercial,65,55,2022,6,Jun,69.47,60.28,4.47,5.28,High
17,Grant Road,Mumbai,Commercial,65,55,2022,7,Jul,69.11,59.72,4.11,4.72,Moderate
17,Grant Road,Mumbai,Commercial,65,55,2022,8,Aug,69.41,60.27,4.41,5.27,High
17,Grant Road,Mumbai,Commercial,65,55,2022,9,Sep,70.19,60.5,5.19,5.5,High
17,Grant Road,Mumbai,Commercial,65,55,2022,10,Oct,70.62,60.8,5.62,5.8,High
17,Grant Road,Mumbai,Commercial,65,55,2022,11,Nov,70.41,60.99,5.41,5.99,High
17,Grant Road,Mumbai,Commercial,65,55,2022,12,Dec,71.04,61.15,6.04,6.15,High
17,Grant Road,Mumbai,Commercial,65,55,2023,1,Jan,72.36,62.14,7.36,7.14,High
17,Grant Road,Mumbai,Commercial,65,55,2023,2,Feb,71.91,62.01,6.91,7.01,High
17,Grant Road,Mumbai,Commercial,65,55,2023,3,Mar,71.99,61.72,6.99,6.72,High
17,Grant Road,Mumbai,Commercial,65,55,2023,4,Apr,72.25,61.95,7.25,6.95,High
17,Grant Road,Mumbai,Commercial,65,55,2023,5,May,72.3,62.27,7.3,7.27,High
17,Grant Road,Mumbai,Commercial,65,55,2023,6,Jun,70.76,61.14,5.76,6.14,High
17,Grant Road,Mumbai,Commercial,65,55,2023,7,Jul,70.13,61.04,5.13,6.04,High
17,Grant Road,Mumbai,Commercial,65,55,2023,8,Aug,70.9,60.94,5.9,5.94,High
17,Grant Road,Mumbai,Commercial,65,55,2023,9,Sep,71.4,61.59,6.4,6.59,High
17,Grant Road,Mumbai,Commercial,65,55,2023,10,Oct,71.22,61.55,6.22,6.55,High
17,Grant Road,Mumbai,Commercial,65,55,2023,11,Nov,71.67,61.71,6.67,6.71,High
17,Grant Road,Mumbai,Commercial,65,55,2023,12,Dec,72.35,61.96,7.35,6.96,High
17,Grant Road,Mumbai,Commercial,65,55,2024,1,Jan,72.62,62.2,7.62,7.2,High
17,Grant Road,Mumbai,Commercial,65,55,2024,2,Feb,72.69,62.15,7.69,7.15,High
17,Grant Road,Mumbai,Commercial,65,55,2024,3,Mar,72.72,62.56,7.72,7.56,High
17,Grant Road,Mumbai,Commercial,65,55,2024,4,Apr,73.41,62.44,8.41,7.44,High
17,Grant Road,Mumbai,Commercial,65,55,2024,5,May,72.29,62.94,7.29,7.94,High
17,Grant Road,Mumbai,Commercial,65,55,2024,6,Jun,72.24,62.05,7.24,7.05,High
17,Grant Road,Mumbai,Commercial,65,55,2024,7,Jul,71.46,61.5,6.46,6.5,High
17,Grant Road,Mumbai,Commercial,65,55,2024,8,Aug,71.84,61.51,6.84,6.51,High
17,Grant Road,Mumbai,Commercial,65,55,2024,9,Sep,72.04,62.1,7.04,7.1,High
17,Grant Road,Mumbai,Commercial,65,55,2024,10,Oct,72.72,62.85,7.72,7.85,High
17,Grant Road,Mumbai,Commercial,65,55,2024,11,Nov,72.72,62.4,7.72,7.4,High
17,Grant Road,Mumbai,Commercial,65,55,2024,12,Dec,72.79,62.25,7.79,7.25,High
18,Mulund (W),Mumbai,Residential,55,45,2020,1,Jan,63.49,54.32,8.49,9.32,High
18,Mulund (W),Mumbai,Residential,55,45,2020,2,Feb,63.34,54.23,8.34,9.23,High
18,Mulund (W),Mumbai,Residential,55,45,2020,3,Mar,63.45,54.52,8.45,9.52,High
18,Mulund (W),Mumbai,Residential,55,45,2020,4,Apr,64.0,54.5,9.0,9.5,High
18,Mulund (W),Mumbai,Residential,55,45,2020,5,May,64.1,54.73,9.1,9.73,High
18,Mulund (W),Mumbai,Residential,55,45,2020,6,Jun,62.95,53.43,7.95,8.43,High
18,Mulund (W),Mumbai,Residential,55,45,2020,7,Jul,62.2,53.34,7.2,8.34,High
18,Mulund (W),Mumbai,Residential,55,45,2020,8,Aug,62.2,53.34,7.2,8.34,High
18,Mulund (W),Mumbai,Residential,55,45,2020,9,Sep,62.76,53.97,7.76,8.97,High
18,Mulund (W),Mumbai,Residential,55,45,2020,10,Oct,63.48,54.14,8.48,9.14,High
18,Mulund (W),Mumbai,Residential,55,45,2020,11,Nov,63.86,54.27,8.86,9.27,High
18,Mulund (W),Mumbai,Residential,55,45,2020,12,Dec,63.92,54.38,8.92,9.38,High
18,Mulund (W),Mumbai,Residential,55,45,2021,1,Jan,65.98,56.18,10.98,11.18,High
18,Mulund (W),Mumbai,Residential,55,45,2021,2,Feb,64.97,56.07,9.97,11.07,High
18,Mulund (W),Mumbai,Residential,55,45,2021,3,Mar,66.33,56.39,11.33,11.39,High
18,Mulund (W),Mumbai,Residential,55,45,2021,4,Apr,66.49,56.65,11.49,11.65,High
18,Mulund (W),Mumbai,Residential,55,45,2021,5,May,66.43,56.64,11.43,11.64,High
18,Mulund (W),Mumbai,Residential,55,45,2021,6,Jun,64.71,55.44,9.71,10.44,High
18,Mulund (W),Mumbai,Residential,55,45,2021,7,Jul,64.78,55.54,9.78,10.54,High
18,Mulund (W),Mumbai,Residential,55,45,2021,8,Aug,64.76,55.31,9.76,10.31,High
18,Mulund (W),Mumbai,Residential,55,45,2021,9,Sep,65.1,55.82,10.1,10.82,High
18,Mulund (W),Mumbai,Residential,55,45,2021,10,Oct,65.17,55.54,10.17,10.54,High
18,Mulund (W),Mumbai,Residential,55,45,2021,11,Nov,65.63,55.96,10.63,10.96,High
18,Mulund (W),Mumbai,Residential,55,45,2021,12,Dec,65.85,56.27,10.85,11.27,High
18,Mulund (W),Mumbai,Residential,55,45,2022,1,Jan,67.36,57.89,12.36,12.89,High
18,Mulund (W),Mumbai,Residential,55,45,2022,2,Feb,67.4,57.46,12.4,12.46,High
18,Mulund (W),Mumbai,Residential,55,45,2022,3,Mar,67.69,57.27,12.69,12.27,High
18,Mulund (W),Mumbai,Residential,55,45,2022,4,Apr,68.11,57.68,13.11,12.68,High
18,Mulund (W),Mumbai,Residential,55,45,2022,5,May,68.2,57.69,13.2,12.69,High
18,Mulund (W),Mumbai,Residential,55,45,2022,6,Jun,66.03,56.96,11.03,11.96,High
18,Mulund (W),Mumbai,Residential,55,45,2022,7,Jul,66.31,56.42,11.31,11.42,High
18,Mulund (W),Mumbai,Residential,55,45,2022,8,Aug,66.14,56.93,11.14,11.93,High
18,Mulund (W),Mumbai,Residential,55,45,2022,9,Sep,66.34,57.33,11.34,12.33,High
18,Mulund (W),Mumbai,Residential,55,45,2022,10,Oct,66.93,57.43,11.93,12.43,High
18,Mulund (W),Mumbai,Residential,55,45,2022,11,Nov,67.3,57.62,12.3,12.62,High
18,Mulund (W),Mumbai,Residential,55,45,2022,12,Dec,67.44,57.57,12.44,12.57,High
18,Mulund (W),Mumbai,Residential,55,45,2023,1,Jan,68.21,57.9,13.21,12.9,High
18,Mulund (W),Mumbai,Residential,55,45,2023,2,Feb,68.22,57.8,13.22,12.8,High
18,Mulund (W),Mumbai,Residential,55,45,2023,3,Mar,68.13,57.8,13.13,12.8,High
18,Mulund (W),Mumbai,Residential,55,45,2023,4,Apr,67.73,58.16,12.73,13.16,High
18,Mulund (W),Mumbai,Residential,55,45,2023,5,May,69.42,58.56,14.42,13.56,High
18,Mulund (W),Mumbai,Residential,55,45,2023,6,Jun,67.19,57.25,12.19,12.25,High
18,Mulund (W),Mumbai,Residential,55,45,2023,7,Jul,66.91,57.21,11.91,12.21,High
18,Mulund (W),Mumbai,Residential,55,45,2023,8,Aug,66.75,57.42,11.75,12.42,High
18,Mulund (W),Mumbai,Residential,55,45,2023,9,Sep,67.61,57.64,12.61,12.64,High
18,Mulund (W),Mumbai,Residential,55,45,2023,10,Oct,68.03,57.8,13.03,12.8,High
18,Mulund (W),Mumbai,Residential,55,45,2023,11,Nov,68.3,58.12,13.3,13.12,High
18,Mulund (W),Mumbai,Residential,55,45,2023,12,Dec,68.19,57.99,13.19,12.99,High
18,Mulund (W),Mumbai,Residential,55,45,2024,1,Jan,68.53,58.71,13.53,13.71,High
18,Mulund (W),Mumbai,Residential,55,45,2024,2,Feb,67.93,57.91,12.93,12.91,High
18,Mulund (W),Mumbai,Residential,55,45,2024,3,Mar,68.55,58.31,13.55,13.31,High
18,Mulund (W),Mumbai,Residential,55,45,2024,4,Apr,68.85,58.55,13.85,13.55,High
18,Mulund (W),Mumbai,Residential,55,45,2024,5,May,68.93,59.0,13.93,14.0,High
18,Mulund (W),Mumbai,Residential,55,45,2024,6,Jun,67.02,57.43,12.02,12.43,High
18,Mulund (W),Mumbai,Residential,55,45,2024,7,Jul,67.17,57.07,12.17,12.07,High
18,Mulund (W),Mumbai,Residential,55,45,2024,8,Aug,67.35,57.83,12.35,12.83,High
18,Mulund (W),Mumbai,Residential,55,45,2024,9,Sep,67.71,57.85,12.71,12.85,High
18,Mulund (W),Mumbai,Residential,55,45,2024,10,Oct,67.82,57.98,12.82,12.98,High
18,Mulund (W),Mumbai,Residential,55,45,2024,11,Nov,68.29,58.24,13.29,13.24,High
18,Mulund (W),Mumbai,Residential,55,45,2024,12,Dec,68.98,58.51,13.98,13.51,High
